"lterid","title","knbid","authors"
"SBC","SBC LTER: Reef: Kelp Forest Community Dynamics: Abundance and size of Giant Kelp (Macrocystis Pyrifera), ongoing since 2000","knb-lter-sbc.18.18","Daniel Reed"
"SBC","SBC LTER: Reef: Kelp Forest Community Dynamics: Fish abundance","knb-lter-sbc.17.28","Daniel Reed"
"SBC","SBC LTER: Reef: Kelp Forest Community Dynamics: Invertebrate and algal density","knb-lter-sbc.19.21","Daniel Reed"
"SBC","SBC LTER: Reef: Kelp Forest Community Dynamics: Cover of sessile organisms, Uniform Point Contact","knb-lter-sbc.15.23","Daniel Reed"
"SBC","SBC LTER: Reef: Long-term experiment: Kelp removal: Abundance and size of Giant Kelp","knb-lter-sbc.29.13","Santa Barbara Coastal LTER, Daniel Reed"
"SBC","SBC LTER: Reef: Long-term experiment: Kelp removal: Fish abundance","knb-lter-sbc.30.13","Santa Barbara Coastal LTER, Daniel Reed"
"SBC","SBC LTER: Reef: Long-term experiment: Kelp removal: Invertebrate and algal density","knb-lter-sbc.34.11","Santa Barbara Coastal LTER, Daniel Reed"
"SBC","SBC LTER: Reef: Long-term experiment: Kelp removal: Cover of sessile organisms, Uniform Point Contact","knb-lter-sbc.28.21","Santa Barbara Coastal LTER, Daniel Reed"
"SBC","SBC LTER: Reef: Long-term experiment: Algal Biomass","knb-lter-sbc.49.8","Santa Barbara Coastal LTER, Daniel Reed, Shannon Harrer"
"SBC","SBC LTER: Reef: Abundance, size and fishing effort for California Spiny Lobster (Panulirus interruptus), ongoing since 2012","knb-lter-sbc.77.1","Santa Barbara Coastal LTER, Daniel Reed"
"SBC","SBC LTER: Time series of settlement of urchins and other invertebrates","knb-lter-sbc.52.3","Santa Barbara Coastal LTER, Steven Schroeter, John Dixon, Thomas Ebert, John Richards"
"SBC","SBC LTER: Santa Cruz Island: Abundance of Surfperch and Garibaldi","knb-lter-sbc.39.4","Santa Barbara Coastal LTER, Russell Schmitt, Sally Holbrook"
"SBC","SBC LTER: Santa Cruz Island: Cover of Algae, Invertebrates and Benthic Substrate","knb-lter-sbc.38.4","Santa Barbara Coastal LTER, Russell Schmitt, Sally Holbrook"
"SBC","SBC LTER: Santa Cruz Island: Abundance and Biomass of Benthic Organisms (food resource collection)","knb-lter-sbc.47.3","Santa Barbara Coastal LTER, Russell Schmitt, Sally Holbrook"
"SBC","SBC LTER: Santa Cruz Island: Abundance of Pycnopodia helianthoides","knb-lter-sbc.46.3","Santa Barbara Coastal LTER, Russel Schmitt, Sally Holbrook"
"SBC","SBC LTER: Reef: Historical Kelp Database for giant kelp (Macrocystis pyrifera) biomass in California and Mexico","knb-lter-sbc.14.13","Daniel Reed"
"SBC","SBC LTER: Reef: Sightings of sea otters (Enhydra lutris) near Santa Barbara and Channel Islands, ongoing since 2007","knb-lter-sbc.61.4","Daniel Reed, Shannon Harrer, J Nelson"
"SBC","SBC LTER: Cross-shelf Study 2008-2009: Profiles of CTD, biogeochemistry, primary production, abundance of phytoplankton groups, and abundance and production of bacteria","knb-lter-sbc.45.8","SB Coastal LTER, Elisa Halewood, Craig Carlson, Mark Brzezinski, Jo Goodman"
"SEV","Rodent Parasite Data for the Sevilleta National Wildlife Refuge, New Mexico (1990-1998)","knb-lter-sev.13.270182","Don Duszyinski"
"SEV","2003 Prescribed Burn Effect on Chihuahuan Desert Grasses and Shrubs at the Sevilleta National Wildlife Refuge, New Mexico: Grass Recovery Study (2003- )","knb-lter-sev.148.131882","Esteban Muldavin"
"SEV","Burn Exclosure Rodent Population Study at the Sevilleta National Wildlife Refuge, New Mexico, (1991-1993)","knb-lter-sev.15.218704","Robert Parmenter"
"SEV","Nitrogen Fertilization Experiment (NFert): Net Primary Production Quadrat Data at the Sevilleta National Wildlife Refuge, New Mexico (2004-present)","knb-lter-sev.155.233346","Scott Collins"
"SEV","Burn Study Sites Quadrat Data for the Net Primary Production Study at the Sevilleta National Wildlife Refuge, New Mexico (2004-present)","knb-lter-sev.156.245412","Esteban Muldavin"
"SEV","Plant Removal Study: Recovery of Vegetation Following Disturbance at the Sevilleta National Wildlife Refuge, New Mexico (1995-2010)","knb-lter-sev.168.192537","Debra Peters"
"SEV","Bird Community Assessment in Grassland, Shrubland, and Woodland Habitats at the Sevilleta National Wildlife Refuge, New Mexico (1991-1997)","knb-lter-sev.17.120278","Robert Parmenter"
"SEV","Pino Gate Prairie Dog Study at the Sevilleta National Wildlife Refuge, New Mexico: Landscape Plot Lizard Data (2001-2002)","knb-lter-sev.173.87391","Ana Davidson, David Lightfoot"
"SEV","Warming-El Nino-Nitrogen Deposition Experiment (WENNDEx): Net Primary Production Quadrat Data at the Sevilleta National Wildlife Refuge, New Mexico (2006 -present)","knb-lter-sev.176.233653","Scott Collins, William Pockman, Joe Fargione"
"SEV","Livestock Exclosure Study: Plant Species Composition in a Chihuahuan Desert Grassland at the Sevilleta National Wildlife Refuge, New Mexico (2004-2007)","knb-lter-sev.178.133945","Scott Collins, Lydia Zeglin"
"SEV","Pinon Juniper Net Primary Production Quadrat Data from the Sevilleta National Wildlife Refuge, New Mexico: 1999-2001","knb-lter-sev.187.167478","Esteban Muldavin"
"SEV","Monsoon Rainfall Manipulation Experiment (MRME): Net Primary Production Quadrat Data at the Sevilleta National Wildlife Refuge, New Mexico (2006-present)","knb-lter-sev.188.243666","Scott Collins"
"SEV","Pino Gate Prairie Dog Study: Landscape-scale Vegetation Plot Data from the Sevilleta National Wildlife Refuge, New Mexico (1999-2002)","knb-lter-sev.193.178639","Ana Davidson, David Lightfoot"
"SEV","Pino Gate Prairie Dog Study: Mound-scale Vegetation Plot Data from the Sevilleta National Wildlife Refuge, New Mexico (2000-2002)","knb-lter-sev.194.188141","Ana Davidson, David Lightfoot"
"SEV","Gunnison's Prairie Dog Relocation Project: Vegetation Cover Data from the Sevilleta National Wildife Refuge, New Mexico (2005-2013 )","knb-lter-sev.212.1","Ana Davidson, David Lightfoot"
"SEV","Effect of Habitat Restoration on Native Bee Communities at the Bosque del Apache National Wildlife Refuge, New Mexico (2008-2010)","knb-lter-sev.215.173899","Karen Wright"
"SEV","Population Ecology of Banner-Tailed Kangaroo Rats (Dipodomys spectabilis) in a Chihuahuan Desert Grassland at the Sevilleta National Wildlife Refuge, New Mexico (2005-2009)","knb-lter-sev.228.102077","Andrew Edelman"
"SEV","Rabbit Population Dynamics in Chihuahuan Desert Grasslands and Shrublands at the Sevilleta National Wildlife Refuge, New Mexico (1992- )","knb-lter-sev.23.121704","Robert Parmenter"
"SEV","Effects of Multiple Resource Additions on Community and Ecosystem Processes: NutNet NPP Quadrat Sampling at the Sevilleta National Wildlife Refuge, New Mexico (2007-present)","knb-lter-sev.231.176381","Scott Collins"
"SEV","Gunnison's Prairie Dog Restoration Experiment (GPDREx): Population Dynamics within Grasslands at the Sevilleta National Widlife Refuge, New Mexico","knb-lter-sev.236.257686","Ana Davidson, Stephanie Baker"
"SEV","Gunnison's Prairie Dog Restoration Experiment (GPDREx): Vegetation Cover Data from the Sevilleta National Wildlife Refuge, New Mexico","knb-lter-sev.238.226091","Ana Davidson, Stephanie Baker"
"SEV","Kruger Species Composition: Konza-Kruger Fire-Grazing Project (2006-2010)","knb-lter-sev.266.180462","Alan Knapp, Melinda Smith, John Blair, Scott Collins, Deron Burkepile, Kevin Kirkman"
"SEV","Konza Species Composition: Konza-Kruger Fire-Grazing Project (2006-2010)","knb-lter-sev.267.196138","Alan Knapp, Melinda Smith, John Blair, Scott Collins, Deron Burkepile, Kevin Kirkman"
"SEV","Pinon-Juniper (Core Site) Quadrat Data for the Net Primary Production Study at the Sevilleta National Wildlife Refuge, New Mexico (2003-present )","knb-lter-sev.278.245672","Esteban Muldavin"
"SEV","Ground Arthropod Community Survey in Grassland, Shrubland, and Woodland at the Sevilleta National Wildlife Refuge, New Mexico (1992-2004)","knb-lter-sev.29.175390","David Lightfoot"
"SEV","Extreme Drought in Grassland Ecosystems (EDGE) Net Primary Production Quadrat Data at the Sevilleta National Wildlife Refuge, New Mexico (2012-present)","knb-lter-sev.297.233742","Scott Collins"
"SEV","Water Balance Modeling Project at the Sevilleta National Wildlife Refuge, New Mexico: Vegetation Plot Data (1995-1998)","knb-lter-sev.81.185474","NA"
"SEV","Small Mammal Exclosure Study (SMES) Ant Data from Chihuahuan Desert Grassland and Shrubland at the Sevilleta National Wildlife Refuge, New Mexico (1995-2005)","knb-lter-sev.88.122261","David Lightfoot"
"SEV","Small Mammal Exclosure Study (SMES) Vegetation Data from the Chihuahuan Desert Grassland and Shrubland at the Sevilleta National Wildlife Refuge, New Mexico (1995-2009)","knb-lter-sev.88.122261","David Lightfoot"
"SGS","SGS-LTER Long-Term Monitoring Project : Vegetation Cover and Structure on Small Mammal Trapping Webs on the Central Plains Experimental Range, Nunn, Colorado, USA 1999 -2006, ARS Study Number 118","knb-lter-sgs.141.17","Paul Stapp"
"SGS","SGS-LTER Standard Production Data : 1983-2008 Annual Aboveground Net Primary Production on the Central Plains Experimental Range, Nunn, Colorado, USA 1983-2008, ARS Study Number 6","knb-lter-sgs.700.1","Daniel Milchunas"
"SGS","Open Top Chamber Experiment Carbon Dioxide (CO2) Elevation Experiment at the Central Plains Experimental Range, Nunn, Colorado, USA","not available","Jack Morgan"
"SGS","SGS-LTER Bouteloua gracilis removal experiment vegetation data (ARS #155) on the Central Plains Experimental Range, Nunn, Colorado, USA","not available","William Lauenroth"
"SGS","SGS-LTER Bouteloua gracilis removal experiment vegetation data (ARS #155) on the Central Plains Experimental Range, Nunn, Colorado, USA",NA,"William Lauenroth"
"SGS","SGS-LTER Disturbance intensity and above- and belowground herbivory effects on long-term recovery of shortgrass steppe on the Central Plains Experimental Range, Nunn, Colorado, USA 1977-1990","knb-lter-sgs.130.18","William_Lauenroth"
"SGS","SGS-LTER Ecosystem Stress Area : Long-term dataset following nutrient enrichment stress on the Central Plains Experimental Range in Nunn, Colorado, USA, ARS Study Number 3","not available","Daniel G Milchunas, William K Lauenroth"
"SGS","SGS-LTER Ecosystem Stress Area : Long-term dataset following nutrient enrichment stress on the Central Plains Experimental Range in Nunn, Colorado, USA, ARS Study Number 3","not available","Daniel_G._Milchunas;William_K._Lauenroth"
"SGS","SGS-LTER Effects of grazing on ecosystem structure and function (GZTX): Vegetation measurements on the Central Plains Experimental Range, Nunn, Colorado, USA 1992-2008, ARS Study Number 32","knb-lter-sgs.527.1","Daniel G. Milchunas"
"SGS","SGS-LTER Effects of water and nitrogen additions on plants in shortgrass ecosystems on the Central Plains Experimental Range, Nunn, Colorado, USA 1997-2011, ARS Study Number 143","knb-lter-sgs.542.1","William K. Lauenroth"
"SGS","SGS-LTER Impact of Labile and Recalcitrant Carbon Treatments on Plant Communities in a Semiarid Ecosystem on the Central Plains Experimental Range, Nunn, Colorado, USA 1997-2012, ARS Study Number 3","knb-lter-sgs.539.1","Ingrid C. Burke"
"SGS","SGS-LTER Impact of Labile and Recalcitrant Carbon Treatments on Plant Communities in a Semiarid Ecosystem on the Central Plains Experimental Range, Nunn, Colorado, USA 1997-2012, ARS Study Number 3","knb-lter-sgs.540.1","Ingrid C. Burke"
"SGS","SGS-LTER Long-term Monitoring Project : Carnivore Scat Count on the Central Plains Experimental Range, Nunn, Colorado, USA 1997 -2006, ARS Study Number 98","knb-lter-sgs.135.17","Paul Stapp"
"SGS","SGS-LTER Long-Term Monitoring Project : Small Mammals on Trapping Webs on the Central Plains Experimental Range, Nunn, Colorado, USA 1994 -2006, ARS Study Number 118","knb-lter-sgs.137.17","Paul Stapp"
"SGS","SGS-LTER Long-Term Monitoring Project : Spermophilus tridecemlineatus on Small Mammal Trapping Webs on the Central Plains Experimental Range, Nunn, Colorado, USA 1999 -2006, ARS Study Number 118","knb-lter-sgs.139.17","Paul Stapp"
"SGS","SGS-LTER Long-term Monitoring Project : Spotlight Rabbit Count on the Central Plains Experimental Range, Nunn, Colorado, USA 1994-2006, ARS Study Number 98","knb-lter-sgs.136.17","Paul Stapp"
"SGS","SGS-LTER Long-Term Montitoring Project : Arthropod Pitfall Trapping on Small Mammal Trapping Webs on the Central Plains Experimental Range, Nunn, Colorado, USA 1998-2006, ARS Study Number 118","knb-lter-sgs.134.17","Paul Stapp"
"VCR","Annual heron counts on Chincoteague Island, Virginia 1992-2011","knb-lter-vcr.166.14","Dr. R. Erwin"
"VCR","Biomass of benthic macroalgae in Virginia Coastal Bays 1998-2007","not available","Karen McGlathery, Amber Hardison"
"VCR","Density of Seagrass in Hog Island Bay, VA 2007-2010","knb-lter-vcr.181.11","Karen McGlathery"
"VCR","Vegetation and Ground Cover of Permanent Plots for Upper Phillips Creek Marsh, Nassawadox, VA 1990-2014","knb-lter-vcr.122.21","Mark Brinson, Robert Christian"
"VCR","Long Term Mammal Data from Powdermill Biological Station 1979-1999","knb-lter-vcr.67.17","Joseph Merritt"
"VCR","Dune Biomass on Hog Island, Virginia Coastal Barrier Islands, 1993-2012","knb-lter-vcr.70.20","Frank Day`"
"VCR","Long-term N-fertilized vegetation plots on Hog Island, Virginia Coastal Barrier Islands, 1992-2014","knb-lter-vcr.106.25_","Frank Day"
"AND","Spatial and temporal distribution and abundance of moths in the Andrews Experimental Forest, 1994 to 2008",NA,"Julia A. Jones"
"AND","Spatial and temporal distribution and abundance of butterflies in the Andrews Experimental Forest, 1994-1996",NA,"Jeffery C. Miller"
"AND","Aquatic insect sampling in Lookout Creek at the H.J. Andrews Experimental Forest, 2001",NA,"Sherri Johnson"
"AND","Headwater Stream Macroinvertebrates of the H.J. Andrews Experimental Forest, Oregon, 2003-2004",NA,"Sherri Johnson"
"AND","Terrestrial Insect Activity Phenology with trap collections at HJ Andrews",NA,"Sherri Johnson"
"AND","Soil Moisture and vegetation cover patterns after logging and burning an old-growth Douglas-fir forest in the Andrews Experimental Forest, 1960-1983",NA,"Al Levno"
"AND","Long-term log decay experiments at the Andrews Experimental Forest, 1985 to 2185",NA,"Mark Harmon"
"AND","Post-logging community structure and biomass accumulation in Watershed 10, Andrews Experimental Forest , 1974 to present",NA,"Tom Spies"
"AND","Species interactions during succession in the western Cascade Range of Oregon, 1990 to present",NA,"Charles Halpern"
"AND","Species interactions during succession in the western Cascade Range of Oregon, 1990 to present",NA,"Charles Halpern"
"AND","Primary succession on Mount St. Helens: long-term permanent plots",NA,"Roger del Moral"
"AND","Mount St. Helens Vegetation Succession",NA,"Roger del Moral"
"AND","Ground-dwelling vertebrates, birds, habitat data on the Willamette National Forest, Oregon (Young Stand Thinning and Diversity Study), 1991-2012",NA,"Joan Hagar, Tom Manning"
"AND","DEMO Wildlife Study: Arboreal Rodents, Small Mammals, Amphibians, and Birds_",NA,"Keith B. Aubry"
"AND","Monitoring small mammal and amphibian abundances on the Willamette National Forest, Oregon (Long-Term Ecosystem Productivity experiment), 1995-1999",NA,"Steven L. Garman"
"NWT","Small mammal disturbance data for Niwot Ridge from 1981/6/30 - 1990/8/23, yearly",NA,"Jim Halfpenny, Hope Humphries"
"BNZ","Eight Mile Lake Research Watershed, Carbon in Permafrost Experimental Heating Research (CiPEHR): Aboveground plant biomass, 2009-2013.","knb-lter-bnz.501.11","Susan Natali, Verity G. Salmon, Edward A.G. Schuur"
"BNZ","Eight Mile Lake Research Watershed, Carbon in Permafrost Experimental Heating and Drying Research (DryPEHR): Aboveground plant biomass, 2011.","knb-lter-bnz.502.9","Marguerite Mauritz, Susan Natali, Verity G. Salmon, Edward A.G. Schuur"
"BNZ","Bonanza Creek Experimental Forest Beetles Per Trap Beginning in 1975 - Kruse_","knb-lter-bnz.504.7","James J Kruse, Richard A Wagner, Diane Wagner"
"BNZ","Bonanza Creek Experimental Forest Beetle Population Counts_",NA,"Richard A. Werner"
"BNZ","Chugach National Forest Beetle Population Counts_",NA,"Richard A. Werner"
"BNZ","Tree regeneration after fire: Effects of burn severity, CPCRW vegetative cover analysis_",NA,"Stuart F. Chapin, Jill Johnstone"
"BNZ","Tree regeneration after fire: Effects of burn severity, Delta vegetative cover analysis_",NA,"F. Stuart Chapin, Jill Johnstone"
"BNZ","Biomass of stream macroinvertebrates and benthic organic material in CPCRW_",NA,"Jeremy Boyd Jones"
"BNZ","Abundance of stream macroinvertebrates and benthic organic material in CPCRW_",NA,"Jeremy Boyd Jones"
"BNZ","Riparian clearing in CPCRW: Macroinvertebrate and CPOM data; 1982 - 1986_",NA,"Jeremy Boyd Jones"
"BNZ","Vegetation and plant community composition for 150 extensive mature black spruce sites in interior Alaska_",NA,"Teresa Nettleton Hollingsworth"
"BNZ","Vegetation Plots of the Bonanza Creek LTER Control Plots: Species Percent Cover (1975 - 2009)_",NA,"F. Stuart Chapin, Teresa Nettleton Hollingsworth, Roger W. Ruess, Keith Van Cleve"
"BNZ","Vegetation Plots of the Bonanza Creek LTER Control Plots: Species Count (1975 - 2004)_",NA,"Leslie A. Viereck, Keith Van Cleve, F. Stuart Chapin, Roger W. Ruess, Teresa Nettleton Hollingsworth"
"BNZ","Vegetation cover: Wickersham fire sites (at the Viereck thaw probe locations), 1977-2004_",NA,"Phyllis C. Adams, Jamie Hollingsworth, Leslie A. Viereck, Nan Werdin-Pfisterer"
"BNZ","Vegetation composition for 84 sites in the Regional Site Network, compilation from previous surveys.",NA,"Roger W. Ruess, Teresa Nettleton Hollingsworth, Jill Johnstone"
"CDR","e001: Long-Term Nitrogen Deposition: Population, Community, and Ecosystem Consequences",NA,"David Tilman"
"CDR","e054: Old-Field Chronosequence:  Plant Productivity",NA,"David Tilman, Johannes Knops"
"CDR","e097: Nitrogen Addition and Dynamics of Recovery from Cessation of N Addition",NA,"David Tilman"
"CDR","e098: Fire X Nitrogen: Interactive Effects in a Prairie-Like Grassland",NA,"David Tilman"
"CDR","e133: Effect of Burning Patterns on Vegetation in the Fish Lake Burn Compartments",NA,"Peter Reich, David Wedin, Sarah Hobbie, Mark Davis"
"CDR","e172: Herbivory by Nitrogen Interactive Effects on Community and Ecosystem Processes and Dynamics",NA,"David Tilman"
"CDR","e244: Natural Enemies, Plant Diversity and Plant Community Composition",NA,"Helene Muller-landau, Linda Kinkel"
"CDR","e244: Natural Enemies, Plant Diversity and Plant Community Composition",NA,"Helene Muller-Landau, Linda Kinkel"
"CDR","e245: The influence of natural enemies on plant community composition and productivity",NA,"Linda Kinkel, Helene Muller-Landau"
"CDR","e245: The influence of natural enemies on plant community composition and productivity",NA,"Linda Kinkel, Helene Muller-Landau"
"CDR","e249: BAC: Biodiversity and Climate",NA,"David Tilman, Jennifer Powers, Joe McFadden"
"CDR","e249: BAC: Biodiversity and Climate",NA,"David Tilman, Jennifer Powers, Joe McFadden"
"CDR","e008: Effect of N Addition on Vegetation with Mammalian Herbivory",NA,"Nancy Huntly, Richard Inouye"
"CDR","e009: Effect of N Addition on Vegetation With Mammalian Herbivory Initially on Disked Ground",NA,"Nancy Huntly, Richard Inouye"
"CDR","e010: Herbivore Effects on a Large, Unmanipulated Area",NA,"Nancy Huntly, Richard Inouye"
"CDR","e025: The Effects of Adding Different Levels of Nitrogen at Different Times During the Growing Season",NA,"Richard Inouye"
"CDR","e026: Traits: Competition and Resource Reduction for Five Grass Species Grown in Monoculture and Competition in Soils with Different Nitrogen Availabilities",NA,"David Wedin, David Tilman"
"CDR","e055: Plant Competition Under Different Nitrogen Levels:A Garden Experiment",NA,"David Tilman"
"CDR","e061: Effect of Bird Predation on Grasshopper and Plant Communties",NA,"Mark Ritchie, David Tilman"
"CDR","e070: Legume Competition Garden",NA,"David Tilman"
"CDR","e079: Distribution of Wetland Plant Species in Relation to the Level of the Water Table",NA,"Martha Phillips, Eville Gorham, Charlotte Bryant"
"CDR","e093: Soil Heterogeneity and Plant Diversity in an Oak Savanna",NA,"David Tilman"
"CDR","e123: The Small Biodiversity Experiment",NA,"David Tilman, David Wedin, Peter Reich, Johannas Knops"
"CDR","e123: The Small Biodiversity Experiment",NA,"David Tilman, David Wedin, Peter Reich, Johannes Knops"
"CDR","e142: Effects of Long Term Fertilization and Oak Canopy Cover on Plant Communities and Ecosystem Processes",NA,"Peter Reich"
"GCE","Visual survey of insect communities on Iva frutescens in summer 2013 and 2014 on Sapelo Island, Georgia",NA,"Wei-Ting Lin"
"GCE","Crab population monitoring: mid-marsh and creek bank abundance based on crab hole counts at GCE marsh, monitoring sites 1-10 (All sampling intervals)",NA,"Steven C. Pennings, Caroline Reddy, Jacob, Shalack, Joel Craig, Sean Sharp, et al."
"GCE","Mollusc population abundance monitoring: mid-marsh and creekbank infaunal and epifaunal mollusc abundance based on collections from GCE marsh, monitoring sites 1-10 (All sampling intervals)",NA,"Steven C. Pennings, Merryl Alber, Jacog Shalack, Caroline Reddy, Sasha Greenspan, Joel Craigh, et al."
"GCE","GCE-LTER Hammock Well Vegetation and Invertebrate Monitoringà¹†(All sampling intervals)",NA,"Merryl Alber, Steve Pennings, Caroline Reddy, Aaron Penn, et al."
"GCE","Surface water bacterial abundance at ten Georgia Coastal Ecosystems LTER sampling sites (All sampling intervals)",NA,"Robert E. Hodson, Jen Mou, Ed Sheppard"
"GCE","Experimental plots studies comparing the impact of fertilization and wrack addition on invertebrate abundance and plant cover in Atlantic and Gulf of Mexico salt marshes from April 2009 to September 2010",NA,"Brittany DeLoach McCall, Steve Pennings, Huy Vu, Kazik Wieski, Hongyu Guo, Michael Richardson, Brittany DeLong, Claudia Grimm, Annika Stark"
"GCE","Grasshopper monitoring -- mid-marsh grasshopper abundance and species diversity at eight GCE LTER sampling sites (All sampling intervals)",NA,"Steve Pennings"
"ARC","Number of bacteria in the water column of lakes sampled near Toolik Lake LTER Alaska, throughout summer season, 1992-2000.",NA,"John Hobbie"
"ARC","Weekly biomass and abundance of sweepnet-captured aboveground arthropods at four sites near Toolik Field Station, Alaska, summers 2010-2014",NA,"Ashley Asmum, Laura Gough"
"ARC","Above ground plant biomass in a mesic acidic tussock tundra experimental site from 1982 to 2000 Arctic LTER, Toolik Lake, Alaska.",NA,"Gus Shaver"
"ARC","Zooplankton density for all samples collected from Toolik Lake and lakes near the Toolik Field Station, Arctic LTER 2003 - 2011.",NA,"Christopher Luecke"
"ARC","Plant % cover by species for the ITEX CO2 flux survey plots at Toolik, Alaska; Abisko, Sweden; Svalbard, Norway; Zackenberg, Northeast Greenland; and Barrow, Alaska 2004-2009",NA,"Gaius Shaver"
"ARC","Zooplankton density for lake samples collected near Toolik Lake Arctic LTER in the summer from 1983 to 1992.",NA,"Phaedra Budy, Christopher Leucke, John O'Brien"
"CAP","Desert Fertilization Experiment: investigation of Sonoran desert ecosystem response to atmospheric deposition and experimental nutrient addition, 2006-2016 (632_annuals_composition_2008_6b74c53283820aa68b6b9b2a2421f275.csv)",NA,"Jonathan Allen, Nancy Grimm, Sharon Hall, Jason Kaye"
"CAP","Desert Fertilization Experiment: investigation of Sonoran desert ecosystem response to atmospheric deposition and experimental nutrient addition, 2006-2016 (632_annuals_biomass_fe1d659d8348fab719484719d6a9f44c.csv)",NA,"Jonathan Allen, Nancy Grimm, Sharon Hall, Jason Kaye"
"CAP","Reducing Taste and Odor and Other Algae-Related Problems for Surface Water Supplies in Arid Environments (617_microbial_e387e343c6c18bf06f5443cc4f40dab56623dc55.csv)",NA,"Paul Westerhoff, Milton Sommerfeld"
"CAP","Survey 200 long term study of multiple sites in central Arizona-Phoenix: soils (27_cacti_succ_1_2010.csv; 27_cacti_succ_1.csv)",NA,"Nancy Grimm, Diane Hope, Corinna Gries, Chris Martin, Elizabeth Burns"
"CAP","Survey 200 long term study of multiple sites in central Arizona-Phoenix: soils (27_hedges_1_2010.csv; 27_hedges_1.csv)",NA,"Nancy Grimm, Diane Hope, Corinna Gries, Chris Martin, Elizabeth Burns"
"CAP","Survey 200 long term study of multiple sites in central Arizona-Phoenix: soils (27_insects_1.csv)",NA,"Nancy Grimm, Diane Hope, Corinna Gries, Chris Martin, Elizabeth Burns"
"CAP","Survey 200 long term study of multiple sites in central Arizona-Phoenix: soils ( 27_shrub_perennial_1.csv)",NA,"Nancy Grimm, Diane Hope, Corinna Gries, Chris Martin, Elizabeth Burns"
"CAP","Survey 200 long term study of multiple sites in central Arizona-Phoenix: soils (27_trees_1.csv)",NA,"Nancy Grimm, Diane Hope, Corinna Gries, Chris Martin, Elizabeth Burns"
"CAP","CAP LTER: long-term monitoring of herpetofauna along the Salt River in and near the greater Phoenix metropolitan area, ongoing since 2012",NA,"Heather Bateman, Nancy Grimm"
"CAP","Bird surveys along the Salt River in and near the greater Phoenix metropolitan area: 2012-2013",NA,"Heather Bateman"
"CAP","Sycamore Creek macroinvertebrate collections after flooding event",NA,"Nancy Grimm, Stuart Fisher, Joanne Bessler, et al."
"CAP","Point count bird censusing: long-term monitoring of bird distrubution and diversity in central Arizona-Phoenix: period 2000 to 2011 (34_birds_1.csv)",NA,"Eyal Shochat, Madhusudan Katti, Paige Warren"
"FCE","Standard Lengths and Mean Weights for Prey-base Fishes from Taylor River and Joe Bay Sites, Everglades National Park (FCE), South Florida from January 2000 to April 2004",NA,"Jerry Lorenz"
"FCE","Consumer Stocks:  Fish, Vegetation, and other Non-physical Data from Everglades National Park (FCE), South Florida from February 2000 to April 2005",NA,"Joel Trexler"
"FCE","Consumer Stocks:  Fish Biomass from Everglades National Park (FCE), South Florida from February 2000 to April 2005",NA,"Joel Trexler"
"FCE","Consumer Stocks:  Fish Biomass from Everglades National Park (FCE), South Florida from February 1996 to March 2000",NA,"Joel Trexler"
"FCE","Florida Bay Braun Blanquet, Everglades National Park (FCE), South Florida from September 2000 to Present",NA,"James Fourqurean"
"FCE","Cross Bank Benthic Aboveground biomass, Everglades National Park (FCE), South Florida from 1983 to 2014",NA,"James Fourqurean"
"FCE","Capture data for sharks caught in standardized drumline fishing in Shark Bay, Western Australia, with accompanying abiotic data, from February 2008 to July 2014.",NA,"Michael Heithaus, Jordan Thomson"
"FCE","Mangrove Forest Growth from the Shark River Slough, Everglades National Park (FCE), South Florida from January 1995 to Present",NA,"Robert Twilley, Victor Rivera-Monroy, Edward Castaneda"
"FCE","Bull shark catches, water temperatures, salinities, and dissolved oxygen levels in the Shark River Slough, Everglades National Park (FCE) , from May 2005 to May 2009",NA,"Michael Heithaus, Philip Matich"
"FCE","Large consumer isotope values, Shark River Slough, Everglades National Park (FCE LTER), May 2005 to Present",NA,"Michael Heithaus, Philip Matich, Adam Rosenblatt"
"FCE","Seasonal Electrofishing Data from Rookery Branch and the North, Watson, and Roberts Rivers Everglades National Park (FCE) from November 2004 to Present",NA,"Jennifer Rehage"
"FCE","Minnowtrap Data from Rookery Branch and the North, Watson, and Roberts Rivers National Park (FCE) from November 2004 to April 2008",NA,"Jennifer Rehage"
"HFR","Vegetation Response in Simulated Hurricane Experiment at Harvard Forest since 1990 (hf002-02-experiment.csv)","knb-lter-hfr.2.18","David Foster, Audry Barker Plotkin, Sara Cooper-Ellis, Ann Lezberg"
"HFR","Vegetation Response in Simulated Hurricane Experiment at Harvard Forest since 1990 (hf002-10-recruitment.csv)","knb-lter-hfr.2.18","David Foster, Audry Barker Plotkin, Sara Cooper-Ellis, Ann Lezberg"
"HFR","Chronic Nitrogen Amendment Experiment at Harvard Forest since 1988 (hf008-04-tree.csv)","knb-lter-hfr.8.20","Serita Frey, Scott ollinger, Michelle Day, Richard MacLean, Mary Martin"
"HFR","Barre Woods Soil Warming Experiment at Harvard Forest since 2001 (hf018-08-dendrology.csv)","knb-lter-hfr.18.22","Jerry Melillo, Paul Steudier, Jacqueline Mohan, Joe Blanchard, Frank Bowles"
"HFR","Stand and Community Response to Hemlock Woolly Adelgid in Southern New England since 1995 (hf021-02-shrubs.csv)","knb-lter-hfr.21.17","David Orwig, David Foster"
"HFR","Stand and Community Response to Hemlock Woolly Adelgid in Southern New England since 1995 (hf021-04-herbs.csv)","knb-lter-hfr.21.17","David Orwig, David Foster"
"HFR","Permanent Plots at Pisgah State Forest in Winchester NH since 1984 (hf041-01-tree.csv)","knb-lter-hfr.41.19","David Foster, Peter Schoonmaker, Audrey Barker Plotkin, Jesse DeNormandie, Russell Stafford"
"HFR","Biomass Inventories at Harvard Forest EMS Tower since 1993 (hf069-09-trees.csv)","knb-lter-hfr.69.25","William Munger, Steven Wofsy, Carol Barford, David Bryant, Victoria Chow, Daniel Curran, Evan Goldman, Elizabeth Hammond-Pyle, Lucy Hutyra, Christine Jones, Kathryn McKain, Leland Werden"
"HFR","Seed Bank in Hemlock Removal Experiment at Harvard Forest 2004-2010 (hf105-05-seed-rain.csv)","knb-lter-hfr.105.18","Aaron Ellison, Elizabeth Farnsworth, Kelley Sullivan, Audrey Barker Plotkin, Samantha Hilerio, Chelsea Carr, Mack Bennett"
"HFR","Understory Vegetation in Hemlock Removal Experiment at Harvard Forest since 2003 (hf106-03-shrub.csv)","knb-lter-hfr.106.22","Aaron Ellison, Audrey Barker Plotkin, David Foster, David Orwig"
"HFR","Understory Vegetation in Hemlock Removal Experiment at Harvard Forest since 2003 (hf106-04-seedling-density.csv)","knb-lter-hfr.106.22","Aaron Ellison, Audrey Barker Plotkin, David Foster, David Orwig"
"HFR","Understory Vegetation in Hemlock Removal Experiment at Harvard Forest since 2003 (hf106-05-seedling-cover.csv)","knb-lter-hfr.106.22","Aaron Ellison, Audrey Barker Plotkin, David Foster, David Orwig"
"HFR","Ants Under Climate Change at Harvard Forest and Duke Forest since 2009 (hf113-18-hf-cham-ants.csv)","knb-lter-hfr.113.51","Aaron Ellison, Robert Dunn, Mark Boudreau, Nicholas Gotelli, Neil McCoy, Shannon Pelini, Renee Marchin, Nathan Sanders"
"HFR","Ants Under Climate Change at Harvard Forest and Duke Forest since 2009 (hf113-32-hf-cham-spiders.csv)","knb-lter-hfr.113.51","Aaron Ellison, Robert Dunn, Mark Boudreau, Nicholas Gotelli, Neil McCoy, Shannon Pelini, Renee Marchin, Nathan Sanders"
"HFR","Ant Assemblages in Hemlock Removal Experiment at Harvard Forest since 2003 (hf118-01-ants.csv)","knb-lter-hfr.118.24","Aaron Ellison"
"HFR","Moths, Ants and Pitcher Plants in Bogs at Harvard Forest and Belchertown MA since 2007 (hf159-05-MAPPexp1-growth.csv)","knb-lter-hfr.159.13","Aaron Ellison, Nicholas Gotelli"
"HFR","Ants and Ecosystem Function in Hemlock Removal Experiment at Harvard Forest since 2006 (hf160-03-ants.csv)","knb-lter-hfr.160.17","Aaron Ellison, Aimee Classen, Israel Del Toro, Nicholas Gotelli, Shannon Pelini, Nathan Sanders"
"HFR","Tree Growth and Coarse Woody Debris in Regenerating Forests at Harvard Forest since 2008 (hf175-01-dbh.csv)","knb-lter-hfr.175.8","Allison Dunn"
"HFR","Demography of Sarracenia Purpurea in Massachusetts and Vermont since 1997 (hf202-01-sarr-dem.csv)","knb-lter-hfr.202.8","Aaron Ellison, Nicholas Gotelli"
"HFR","Growth Rates of Xanthoparmelia Lichens in North Cemetery, Petersham MA since 2005 (hf217-01-lichen-growth-rates.csv)","knb-lter-hfr.217.2","Anne Pringle"
"KBS","Insect Populations via Sticky Traps (1989 to 2013)",NA,"Doug Landis, Stuart Gage"
"KBS","Early Successional Microplot Biomass - by Species (1989 to present)",NA,"Kay Gross, Mark Hammond"
"KBS","Forest DBH - Raw Data (1998 to present)",NA,"Phil Robertson, Dick Harwood, Stacey VanderWulp"
"CWT","Tree growth (1999-2012) for the Functional Diversity project, Coweeta Hydrologic Laboratory, Otto, North Carolina (1102_1_0.csv)",NA,"Katherine Elliott, Jason Love"
"CWT","Tipularia discolor plant demography 1999-2004 (1203_1_0.csv)",NA,"Robert J. Warren II, Ron Pulliam"
"CWT","Hexastylis arifolia (Asarum canadensis) plant demography 1999-2006 at the Coweeta Hydrologic Laboratory, Chattahoochee National Forest, and Whitehall Forest (1202_1_0.csv)",NA,"Robert J. Warren II, Ron Pulliam"
"CWT","Eastern Hemlock (Tsuga canadensis) Tree Growth Study (1130_1_0.csv)",NA,"Katherine Elliott, Chelcy Ford Miniat, Jason Love"
"CWT","Dendrometer Band Measurements from the Coweeta LTER Terrestrial Gradient Sites, Coweeta Hydrologic Laboratory, Otto, North Carolina. (1022_1_0.csv)",NA,"James M. Vose, Jason Love"
"CWT","Microhabitat use in a stream fish assemblage (3046_fish_data_1_0.csv)",NA,"Gary D. Grossman, Mary Freeman"
"CWT","Stream fish assemblage stability in a southern Appalachian stream at the Coweeta Hydrologic Laboratory from 1984 to 1995 (3047_fish_data_1_0.csv)",NA,"Gary D. Grossman, Mary Freeman"
"CWT","Seed production and dispersal for Tsuga canadiensis (1008_1_0.csv)",NA,"James S. Clark"
"CWT","Fish collections at Coweeta LTER 100 m stream sites from 1991 to 1998 (CWT_POP_3006_1_0.csv)",NA,"Gary D. Grossman"
"HBR","Long-term trends in abundance of Lepidoptera larvae in northern hardwood forests (leps.txt)","knb-lter-hbr.82","Richard T. Holmes"
"HBR","Gastropod abundance on W1 and west of W6, 1997-2006 (gastropods.txt)","knb-lter-hbr.126","Steven Hamburg, Matthew Vadeboncoeur, Monica Skeldon"
"MCM","Summer Phytoplankton Densities 1992-2001",NA,"Diane McKnight"
"JRN","Jornada Experimental Range Permanent Quadrat Chart Data beginning 1915",NA,"Kris Havstad"
"JRN","Spatial and Temporal Patterns of Net Primary Production in Chihuahuan Desert Ecosystems (NPP Study): NPP Study: Quadrat field measurement data",NA,"Debra Peters, Laura F. Huenneke, Esteban Muldavin, John Anderson"
"JRN","Transect Plant Line Intercepts: Transect plant line intercepts - percent cover by species",NA,"John P Anderson"
"JRN","Animal Transect Data",NA,"John P. Anderson"
"JRN","Arthropod Pitfall Traps-II in 4x4 grid at LTER II NPP sites",NA,"John P Anderson"
"JRN","Small Mammal Exclosure Study: SMES rabbit survey data",NA,"Brandon Bestelmeyer"
"JRN","Small Mammal Exclosure Study: SMES rodent trapping data",NA,"Brandon Bestelmeyer"
"JRN","Small Mammal Exclosure Study: SMES vegetation quadrat data",NA,"Brandon Bestelmeyer"
"JRN","Lizard pitfall trap data (LTER-II, LTER-III)",NA,"John Anderson, David Lightfoot"
"CCE","Bird Species Abundance - Seasonal 164",NA,"Bill Sydeman"
"CCE","Nano and Microplankton Abundance (CalCOFI Cruise) 58",NA,"Michael Landry, CCE LTER Information Manager"
"CCE","Nano and Microplankton Biomass (CalCOFI Cruise) 57",NA,"Michael Landry, CCE LTER Information Manager"
"CCE","Occurrence and Distribution of Spiny Lobster Phyllosoma, Panulirus interruptus ( Randall) 188",NA,"Tony Koslow, CCE LTER Information Manager"
"CCE","Phytoplankton species composition, California Current (CalCOFI Cruises) 254",NA,"Elizabeth Venrick, CCE LTER Information Manager"
"CCE","Picoplankton and Bacteria Abundance (CalCOFI Cruise) 159",NA,"Michael Landry, CCE LTER Information Manager"
"CCE","Zooplankton Abundance of Euphausiid Sentinel Species - Spring Annual Averages 155",NA,"Mark Ohman, CCE LTER Information Manager"
"KNZ","PVC02 Plant Species Composition on Selected Watersheds at Konza Prairie",NA,"David Hartnett, Scott Collins, Konza LTER"
"SEV","PVC02 Plant Species Composition on Selected Watersheds at Konza Prairie",NA,"David Hartnett, Scott Collins, Konza LTER"
"KNZ","PBG01 Plant species composition in the patch burning-grazing experiment at Konza Prairie",NA,"Anthony Joern, Konza LTER"
"KNZ","PPL01 Konza Prairie Long-Term Phosphorus Plots Study",NA,"Meghan Avolio, Konza LTER"
"KNZ","CSM01 Seasonal Summary of Numbers of Small Mammals on 14 LTER Traplines in Prairie Habitats at Konza Prairie",NA,"Donald Kaufman"
"KNZ","CBH01 Konza Prairie Bison Herd Information",NA,"John Briggs"
"KNZ","CBN01 Records of breeding activities for birds on Konza",NA,"Brett Sandercock, Konza LTER"
"KNZ","CBP01 Variable distance line-transect sampling of bird population numbers in different habitats on Konza Prairie",NA,"Alice Boyle"
"KNZ","CFP01 Fish population on selected watersheds at Konza Prairie",NA,"Keith Gido, Konza LTER"
"KNZ","CGP01 Gall-insect Densities on Selected Plant Species in Watersheds with Different Fire Frequencies",NA,"David Hartnett, Konza LTER"
"KNZ","CMY01 Mycorrhizal Colonization and Plant Community Responses to Long-term Suppression of Mycorrhizal Fungi",NA,"Gail Wilson, Konza LTER"
"KNZ","CPC01 Annual Census of Greater Prairie Chickens on Leks at Konza Prairie",NA,"Alice Boyle, Konza LTER"
"LUQ","Revegetation of landslides, vegetation <0.1m (Small landslide plots at the Luquillo Experimental Forest)",NA,"Lawrence Walker"
"LUQ","Shrimp populations in Quebrada Prieta (Pools 0, 8, 9, 15) (El Verde)",NA,"Todd Crowl"
"LUQ","Frog population plots (El Verde + Bisley)",NA,"Lawrence Woolbright"
"LUQ","El Verde Grid long-term invertebrate data",NA,"Michael Willig, Christopher Bloch"
"LUQ","Ecuador old fields permanent plot vegetation sampling",NA,"Randall Myster, Eda Melendez-Colom"
"LUQ","Sabana pasture permanent plot vegetation sampling",NA,"Randall Myster, Eda Melendez-Colom"
"LUQ","Canopy invertebrate responses to Hurricane Hugo",NA,"Timothy Schowalter, Eda Melendez-Colom"
"LUQ","Conservation and management of migratory fauna and dams in tropical streams of Puerto Rico",NA,"Effie Greathouse, Eda Melendez-Colom"
"LUQ","Bromeliad invertebrate counts at different elevations in the LEF",NA,"Barbara Richardson, Eda Melendez-Colom"
"LUQ","Census of species, diameter and location at the Luquillo Forest Dynamics Plot (LFDP), Puerto Rico",NA,"Jess Zimmerman, Jill Thompson, Eda Melendez-Colom"
"LUQ","Canopy Trimming Experiment (CTE) Canopy invertebrate responses to disturbance",NA,"Timothy Schowalter, Eda Melendez-Colom"
"LUQ","Canopy Trimming Experiment (CTE) Snail data",NA,"Timothy Schowalter, Eda Melendez-Colom"
"LUQ","Canopy Trimming Experiment (CTE) Fern surveys",NA,"Joanne Sharpe, Sarah Stankavich, Eda Melendez-Colom"
"LUQ","Canopy Trimming Experiment (CTE) plants greater than 1 centimeter diameter at breast height (DBH)",NA,"Jess Zimmerman, Eda Melendez-Colom"
"LUQ","Canopy Trimming Experiment (CTE) plant seedling measurements",NA,"Jess Zimmerman, Eda Melendez-Colom"
"MCR","MCR LTER: Coral Reef: Long-term Population and Community Dynamics: Benthic Algae and Other Community Components, ongoing since 2005","knb-lter-mcr.8.28","Robert Carpenter, Moorea Coral Reef LTER"
"MCR","MCR LTER: Coral Reef: Long-term Population and Community Dynamics: Fishes, ongoing since 2005","knb-lter-mcr.6.54","Andrew Brooks, Giacomo Bernardi, Tom Adam, Moorea Coral Reef LTER"
"MCR","MCR LTER: Coral Reef: Population Dynamics: Mean Daily Recruitment of Three-spot Dascyllus to Gump Reef, 1992 to 2012","knb-lter-mcr.3.18","Russell Schmitt, Sally Holbrook, Moorea Coral Reef LTER"
"MCR","MCR LTER: Coral Reef: Population Dynamics: Adult threespot dascyllus and their host anemones, ongoing since 1992","knb-lter-mcr.2.16","Russell Schmitt, Sally Holbrook, Moorea Coral Reef LTER"
"MCR","MCR LTER: Coral Reef: Long-term Population Dynamics of Acanthaster planci, ongoing since 2005","knb-lter-mcr.1039.6","Andrew Brooks, Moorea Coral Reef LTER"
"MCR","MCR LTER: Coral Reef: Long-term Population and Community Dynamics: Other Benthic Invertebrates, ongoing since 2005","knb-lter-mcr.7.28","Robert Carpenter, Moorea Coral Reef LTER"
"MCR","MCR LTER: Coral Reef: Community Dynamics: Juvenile Coral Density from 2005, ongoing","knb-lter-mcr.4002.12","Peter Edmunds, Moorea Coral Reef LTER"
"MCR","MCR LTER: Coral Reef: Demersal Zooplankton Composition and Abundance","knb-lter-mcr.21.16","Alice Alldredge, Moorea Coral Reef LTER"
"MCR","MCR LTER: Coral Reef: Water Column: Zooplankton Composition and Abundance","knb-lter-mcr.13.15","Alice Alldredge, Moorea Coral Reef LTER"
"MCR","MCR LTER: Coral Reef: Long-term Population and Community Dynamics: Corals, ongoing since 2005","knb-lter-mcr.4.33","Peter Edmunds, Moorea Coral Reef LTER"
"MCR","MCR LTER: Coral Reef: Macroalgal CHN, ongoing since 2005","knb-lter-mcr.20.16","Robert Carpenter, Moorea Coral Reef LTER"
"NTL","Biocomplexity at North Temperate Lakes LTER; Whole Lake Manipulations: Aquatic Macrophytes 2001 - 2010",NA,"Stephen Carpenter, Gretchen Hansen, Katie Hein, Timothy Kratz, Jake Vander Zanden"
"NTL","Cascade Project at North Temperate Lakes LTER: Piscivore Fish 1984 - 2003",NA,"Stephen Carpenter, Jim Kitchell, Jon Cole, Mike Pace"
"NTL","Little Rock Lake Experiment at North Temperate Lakes LTER: Zooplankton 1983 - 2000",NA,"Timothy Kratz"
"NTL","Madison Wisonsin Lakes Zooplankton 1976 - 1994",NA,"Richard Lathrop"
"NTL","North Temperate Lakes LTER: Benthic Macroinvertebrates 1981 - current",NA,"NTL Lead PI, John Magnuson, Stephen Carpenter, Emily Stanley"
"NTL","North Temperate Lakes LTER: Crayfish Abundance 1981 - current",NA,"NTL Lead PI, John Magnuson, Stephen Carpenter, Emily Stanley"
"NTL","North Temperate Lakes LTER: Fish Length Frequency 1981 - current",NA,"NTL Lead PI, John Magnuson, Stephen Carpenter, Emily Stanley"
"NTL","North Temperate Lakes LTER: Fish Lengths and Weights 1981 - current",NA,"NTL Lead PI, John Magnuson, Stephen Carpenter, Emily Stanley"
"PAL","Adelie Penguin demography - breeding population size and overwinter survival, collected at Palmer Station Antarctica research area, 1991 - present.",NA,"William Fraser, PAL LTER Information Manager"
"PAL","Adelie Penguin demography - all sightings of previously flipper banded penguins, collected at Palmer Station Antarctica research area, 1991 - 2006.",NA,"William Fraser, PAL LTER Information Manager"
"PIE","Aboveground biomass of Spartina alterniflora at Law's Point salt marsh on the Rowley River.","knb-lter-pie.32.12","Jim Morris, Karen Sundberg, Plum Island Ecosystems LTER"
"PIE","Aboveground biomass of Spartina patens at Law's Point salt marsh on the Rowley River.","knb-lter-pie.33.13","Jim Morris, Karen Sundberg, Plum Island Ecosystems LTER"
