observation_ancillary_id,event_id,variable_name,value,unit
oban_1,ev_1,trap.type,Pitfall,
oban_2,ev_2,trap.type,Pitfall,
oban_3,ev_3,trap.type,Pitfall,
oban_19,ev_19,trap.type,Pitfall,
oban_23,ev_23,trap.type,Hand sample,
oban_25,ev_25,trap.type,Litter,
oban_31,ev_31,trap.type,Bait,
oban_33,ev_33,trap.type,Hand sample,
oban_35,ev_35,trap.type,Pitfall,
oban_44,ev_44,trap.type,Hand sample,
oban_45,ev_45,trap.type,Hand sample,
oban_46,ev_46,trap.type,Hand sample,
oban_47,ev_47,trap.type,Bait,
oban_48,ev_48,trap.type,Bait,
oban_57,ev_57,trap.type,Hand sample,
oban_58,ev_58,trap.type,Hand sample,
oban_60,ev_60,trap.type,Bait,
oban_66,ev_66,trap.type,Pitfall,
oban_67,ev_67,trap.type,Pitfall,
oban_70,ev_70,trap.type,Bait,
oban_71,ev_71,trap.type,Hand sample,
oban_75,ev_75,trap.type,Bait,
oban_78,ev_78,trap.type,Litter,
oban_83,ev_83,trap.type,Hand sample,
oban_90,ev_90,trap.type,Pitfall,
oban_91,ev_91,trap.type,Pitfall,
oban_95,ev_95,trap.type,Hand sample,
oban_96,ev_96,trap.type,Bait,
oban_109,ev_109,trap.type,Bait,
oban_110,ev_110,trap.type,Bait,
oban_111,ev_111,trap.type,Bait,
oban_113,ev_113,trap.type,Litter,
oban_116,ev_116,trap.type,Hand sample,
oban_136,ev_136,trap.type,Litter,
oban_141,ev_141,trap.type,Pitfall,
oban_142,ev_142,trap.type,Bait,
oban_144,ev_144,trap.type,Bait,
oban_145,ev_145,trap.type,Bait,
oban_147,ev_147,trap.type,Hand sample,
oban_153,ev_153,trap.type,Hand sample,
oban_180,ev_180,trap.type,Litter,
oban_188,ev_188,trap.type,Hand sample,
oban_190,ev_190,trap.type,Hand sample,
oban_224,ev_224,trap.type,bait,
oban_226,ev_226,trap.type,hand,
oban_228,ev_228,trap.type,litter,
oban_229,ev_229,trap.type,hand,
oban_231,ev_231,trap.type,bait,
oban_232,ev_232,trap.type,hand,
oban_235,ev_235,trap.type,hand,
oban_237,ev_237,trap.type,bait,
oban_238,ev_238,trap.type,bait,
oban_239,ev_239,trap.type,bait,
oban_242,ev_242,trap.type,hand,
oban_243,ev_243,trap.type,hand,
oban_245,ev_245,trap.type,hand,
oban_250,ev_250,trap.type,pit,
oban_256,ev_256,trap.type,bait,
oban_257,ev_257,trap.type,bait,
oban_258,ev_258,trap.type,bait,
oban_259,ev_259,trap.type,bait,
oban_267,ev_267,trap.type,bait,
oban_268,ev_268,trap.type,bait,
oban_272,ev_272,trap.type,hand,
oban_273,ev_273,trap.type,hand,
oban_285,ev_285,trap.type,litter,
oban_286,ev_286,trap.type,litter,
oban_287,ev_287,trap.type,litter,
oban_291,ev_291,trap.type,bait,
oban_296,ev_296,trap.type,hand,
oban_304,ev_304,trap.type,litter,
oban_305,ev_305,trap.type,litter,
oban_306,ev_306,trap.type,litter,
oban_307,ev_307,trap.type,bait,
oban_308,ev_308,trap.type,bait,
oban_311,ev_311,trap.type,bait,
oban_312,ev_312,trap.type,litter,
oban_314,ev_314,trap.type,hand,
oban_315,ev_315,trap.type,hand,
oban_331,ev_331,trap.type,hand,
oban_332,ev_332,trap.type,litter,
oban_333,ev_333,trap.type,hand,
oban_334,ev_334,trap.type,hand,
oban_335,ev_335,trap.type,hand,
oban_337,ev_337,trap.type,litter,
oban_338,ev_338,trap.type,litter,
oban_339,ev_339,trap.type,pitfall,
oban_340,ev_340,trap.type,pitfall,
oban_341,ev_341,trap.type,pitfall,
oban_345,ev_345,trap.type,bait,
oban_347,ev_347,trap.type,bait,
oban_348,ev_348,trap.type,litter,
oban_349,ev_349,trap.type,hand,
oban_351,ev_351,trap.type,hand,
oban_352,ev_352,trap.type,hand,
oban_353,ev_353,trap.type,hand,
oban_354,ev_354,trap.type,hand,
oban_356,ev_356,trap.type,litter,
oban_358,ev_358,trap.type,hand,
oban_359,ev_359,trap.type,hand,
oban_360,ev_360,trap.type,hand,
oban_361,ev_361,trap.type,bait,
oban_362,ev_362,trap.type,bait,
oban_366,ev_366,trap.type,pitfall,
oban_369,ev_369,trap.type,pitfall,
oban_371,ev_371,trap.type,bait,
oban_373,ev_373,trap.type,bait,
oban_374,ev_374,trap.type,bait,
oban_375,ev_375,trap.type,bait,
oban_377,ev_377,trap.type,pitfall,
oban_379,ev_379,trap.type,hand,
oban_380,ev_380,trap.type,hand,
oban_381,ev_381,trap.type,hand,
oban_384,ev_384,trap.type,litter,
oban_385,ev_385,trap.type,litter,
oban_386,ev_386,trap.type,litter,
oban_387,ev_387,trap.type,litter,
oban_388,ev_388,trap.type,hand,
oban_389,ev_389,trap.type,hand,
oban_391,ev_391,trap.type,pitfall,
oban_392,ev_392,trap.type,pitfall,
oban_397,ev_397,trap.type,pitfall,
oban_399,ev_399,trap.type,pitfall,
oban_400,ev_400,trap.type,pitfall,
oban_408,ev_408,trap.type,bait,
oban_409,ev_409,trap.type,bait,
oban_410,ev_410,trap.type,bait,
oban_411,ev_411,trap.type,bait,
oban_413,ev_413,trap.type,hand,
oban_414,ev_414,trap.type,hand,
oban_415,ev_415,trap.type,hand,
oban_416,ev_416,trap.type,hand,
oban_417,ev_417,trap.type,hand,
oban_419,ev_419,trap.type,pitfall,
oban_420,ev_420,trap.type,pitfall,
oban_424,ev_424,trap.type,pitfall,
oban_427,ev_427,trap.type,bait,
oban_430,ev_430,trap.type,pitfall,
oban_431,ev_431,trap.type,pitfall,
oban_434,ev_434,trap.type,litter,
oban_435,ev_435,trap.type,hand,
oban_436,ev_436,trap.type,hand,
oban_437,ev_437,trap.type,litter,
oban_438,ev_438,trap.type,litter,
oban_439,ev_439,trap.type,litter,
oban_440,ev_440,trap.type,hand,
oban_441,ev_441,trap.type,hand,
oban_442,ev_442,trap.type,hand,
oban_445,ev_445,trap.type,hand,
oban_446,ev_446,trap.type,hand,
oban_447,ev_447,trap.type,pitfall,
oban_448,ev_448,trap.type,pitfall,
oban_450,ev_450,trap.type,pitfall,
oban_456,ev_456,trap.type,bait,
oban_457,ev_457,trap.type,pitfall,
oban_458,ev_458,trap.type,pitfall,
oban_459,ev_459,trap.type,pitfall,
oban_460,ev_460,trap.type,pitfall,
oban_465,ev_465,trap.type,pitfall,
oban_468,ev_468,trap.type,bait,
oban_474,ev_474,trap.type,litter,
oban_478,ev_478,trap.type,hand,
oban_479,ev_479,trap.type,hand,
oban_481,ev_481,trap.type,hand,
oban_482,ev_482,trap.type,pitfall,
oban_483,ev_483,trap.type,bait,
oban_484,ev_484,trap.type,pitfall,
oban_485,ev_485,trap.type,bait,
oban_487,ev_487,trap.type,bait,
oban_489,ev_489,trap.type,pitfall,
oban_491,ev_491,trap.type,pitfall,
oban_493,ev_493,trap.type,pitfall,
oban_495,ev_495,trap.type,pitfall,
oban_498,ev_498,trap.type,pitfall,
oban_501,ev_501,trap.type,pitfall,
oban_503,ev_503,trap.type,pitfall,
oban_508,ev_508,trap.type,hand,
oban_525,ev_525,trap.type,pitfall,
oban_526,ev_526,trap.type,pitfall,
oban_530,ev_530,trap.type,pitfall,
oban_543,ev_543,trap.type,bait,
oban_574,ev_574,trap.type,pitfall,
oban_576,ev_576,trap.type,pitfall,
oban_590,ev_590,trap.type,hand,
oban_591,ev_591,trap.type,hand,
oban_594,ev_594,trap.type,pitfall,
oban_595,ev_595,trap.type,pitfall,
oban_603,ev_603,trap.type,pitfall,
oban_608,ev_608,trap.type,pitfall,
oban_609,ev_609,trap.type,pitfall,
oban_617,ev_617,trap.type,hand,
oban_618,ev_618,trap.type,hand,
oban_619,ev_619,trap.type,hand,
oban_620,ev_620,trap.type,bait,
oban_624,ev_624,trap.type,pitfall,
oban_628,ev_628,trap.type,pitfall,
oban_629,ev_629,trap.type,bait,
oban_631,ev_631,trap.type,hand,
oban_633,ev_633,trap.type,hand,
oban_634,ev_634,trap.type,hand,
oban_635,ev_635,trap.type,bait,
oban_636,ev_636,trap.type,hand,
oban_637,ev_637,trap.type,hand,
oban_638,ev_638,trap.type,hand,
oban_639,ev_639,trap.type,pitfall,
oban_641,ev_641,trap.type,pitfall,
oban_649,ev_649,trap.type,pitfall,
oban_650,ev_650,trap.type,pitfall,
oban_651,ev_651,trap.type,pitfall,
oban_669,ev_669,trap.type,hand,
oban_670,ev_670,trap.type,hand,
oban_671,ev_671,trap.type,hand,
oban_675,ev_675,trap.type,bait,
oban_676,ev_676,trap.type,bait,
oban_677,ev_677,trap.type,bait,
oban_684,ev_684,trap.type,hand,
oban_685,ev_685,trap.type,bait,
oban_686,ev_686,trap.type,bait,
oban_689,ev_689,trap.type,bait,
oban_693,ev_693,trap.type,hand,
oban_694,ev_694,trap.type,pitfall,
oban_700,ev_700,trap.type,pitfall,
oban_701,ev_701,trap.type,pitfall,
oban_703,ev_703,trap.type,pitfall,
oban_712,ev_712,trap.type,hand,
oban_713,ev_713,trap.type,hand,
oban_719,ev_719,trap.type,litter,
oban_725,ev_725,trap.type,pitfall,
oban_726,ev_726,trap.type,pitfall,
oban_731,ev_731,trap.type,pitfall,
oban_741,ev_741,trap.type,pitfall,
oban_743,ev_743,trap.type,pitfall,
oban_746,ev_746,trap.type,pitfall,
oban_747,ev_747,trap.type,pitfall,
oban_753,ev_753,trap.type,pitfall,
oban_760,ev_760,trap.type,pitfall,
oban_766,ev_766,trap.type,hand,
oban_769,ev_769,trap.type,litter,
oban_772,ev_772,trap.type,hand,
oban_774,ev_774,trap.type,hand,
oban_775,ev_775,trap.type,bait,
oban_777,ev_777,trap.type,bait,
oban_780,ev_780,trap.type,bait,
oban_782,ev_782,trap.type,hand,
oban_783,ev_783,trap.type,hand,
oban_784,ev_784,trap.type,litter,
oban_786,ev_786,trap.type,bait,
oban_788,ev_788,trap.type,bait,
oban_792,ev_792,trap.type,hand,
oban_793,ev_793,trap.type,hand,
oban_794,ev_794,trap.type,hand,
oban_797,ev_797,trap.type,hand,
oban_802,ev_802,trap.type,hand,
oban_806,ev_806,trap.type,hand,
oban_807,ev_807,trap.type,hand,
oban_808,ev_808,trap.type,hand,
oban_814,ev_814,trap.type,hand,
oban_815,ev_815,trap.type,hand,
oban_816,ev_816,trap.type,hand,
oban_817,ev_817,trap.type,hand,
oban_818,ev_818,trap.type,hand,
oban_827,ev_827,trap.type,hand,
oban_828,ev_828,trap.type,hand,
oban_829,ev_829,trap.type,hand,
oban_831,ev_831,trap.type,hand,
oban_832,ev_832,trap.type,pitfall,
oban_833,ev_833,trap.type,pitfall,
oban_837,ev_837,trap.type,pitfall,
oban_841,ev_841,trap.type,pitfall,
oban_878,ev_878,trap.type,pitfall,
oban_881,ev_881,trap.type,pitfall,
oban_884,ev_884,trap.type,bait,
oban_891,ev_891,trap.type,pitfall,
oban_892,ev_892,trap.type,pitfall,
oban_918,ev_918,trap.type,bait,
oban_931,ev_931,trap.type,pitfall,
oban_935,ev_935,trap.type,hand,
oban_936,ev_936,trap.type,hand,
oban_937,ev_937,trap.type,hand,
oban_941,ev_941,trap.type,litter,
oban_942,ev_942,trap.type,hand,
oban_944,ev_944,trap.type,hand,
oban_946,ev_946,trap.type,hand,
oban_947,ev_947,trap.type,hand,
oban_949,ev_949,trap.type,hand,
oban_953,ev_953,trap.type,hand,
oban_955,ev_955,trap.type,hand,
oban_957,ev_957,trap.type,hand,
oban_960,ev_960,trap.type,hand,
oban_963,ev_963,trap.type,hand,
oban_972,ev_972,trap.type,litter,
oban_975,ev_975,trap.type,pitfall,
oban_976,ev_976,trap.type,pitfall,
oban_978,ev_978,trap.type,pitfall,
oban_980,ev_980,trap.type,bait,
oban_981,ev_981,trap.type,bait,
oban_983,ev_983,trap.type,bait,
oban_987,ev_987,trap.type,pitfall,
oban_993,ev_993,trap.type,pitfall,
oban_994,ev_994,trap.type,pitfall,
oban_998,ev_998,trap.type,bait,
oban_999,ev_999,trap.type,pitfall,
oban_1000,ev_1000,trap.type,pitfall,
oban_1001,ev_1001,trap.type,pitfall,
oban_1002,ev_1002,trap.type,pitfall,
oban_1003,ev_1003,trap.type,pitfall,
oban_1008,ev_1008,trap.type,pitfall,
oban_1011,ev_1011,trap.type,pitfall,
oban_1018,ev_1018,trap.type,pitfall,
oban_1019,ev_1019,trap.type,pitfall,
oban_1029,ev_1029,trap.type,pitfall,
oban_1033,ev_1033,trap.type,hand,
oban_1036,ev_1036,trap.type,pitfall,
oban_1037,ev_1037,trap.type,pitfall,
oban_1038,ev_1038,trap.type,pitfall,
oban_1039,ev_1039,trap.type,pitfall,
oban_1040,ev_1040,trap.type,pitfall,
oban_1043,ev_1043,trap.type,pitfall,
oban_1056,ev_1056,trap.type,pitfall,
oban_1057,ev_1057,trap.type,pitfall,
oban_1059,ev_1059,trap.type,pitfall,
oban_1063,ev_1063,trap.type,pitfall,
oban_1064,ev_1064,trap.type,pitfall,
oban_1073,ev_1073,trap.type,pitfall,
oban_1080,ev_1080,trap.type,pitfall,
oban_1082,ev_1082,trap.type,pitfall,
oban_1083,ev_1083,trap.type,pitfall,
oban_1086,ev_1086,trap.type,pitfall,
oban_1104,ev_1104,trap.type,pitfall,
oban_1105,ev_1105,trap.type,pitfall,
oban_1123,ev_1123,trap.type,hand,
oban_1124,ev_1124,trap.type,pitfall,
oban_1125,ev_1125,trap.type,pitfall,
oban_1128,ev_1128,trap.type,pitfall,
oban_1130,ev_1130,trap.type,pitfall,
oban_1133,ev_1133,trap.type,pitfall,
oban_1151,ev_1151,trap.type,litter,
oban_1156,ev_1156,trap.type,bait,
oban_1159,ev_1159,trap.type,hand,
oban_1160,ev_1160,trap.type,hand,
oban_1163,ev_1163,trap.type,pitfall,
oban_1164,ev_1164,trap.type,pitfall,
oban_1165,ev_1165,trap.type,pitfall,
oban_1167,ev_1167,trap.type,pitfall,
oban_1168,ev_1168,trap.type,pitfall,
oban_1170,ev_1170,trap.type,pitfall,
oban_1193,ev_1193,trap.type,litter,
oban_1199,ev_1199,trap.type,hand,
oban_1200,ev_1200,trap.type,hand,
oban_1202,ev_1202,trap.type,pitfall,
oban_1203,ev_1203,trap.type,pitfall,
oban_1204,ev_1204,trap.type,pitfall,
oban_1205,ev_1205,trap.type,pitfall,
oban_1209,ev_1209,trap.type,pitfall,
oban_1211,ev_1211,trap.type,pitfall,
oban_1213,ev_1213,trap.type,pitfall,
oban_1214,ev_1214,trap.type,pitfall,
oban_1215,ev_1215,trap.type,pitfall,
oban_1216,ev_1216,trap.type,pitfall,
oban_1219,ev_1219,trap.type,pitfall,
oban_1220,ev_1220,trap.type,pitfall,
oban_1241,ev_1241,trap.type,pitfall,
oban_1242,ev_1242,trap.type,pitfall,
oban_1245,ev_1245,trap.type,pitfall,
oban_1246,ev_1246,trap.type,pitfall,
oban_1250,ev_1250,trap.type,pitfall,
oban_1251,ev_1251,trap.type,pitfall,
oban_1252,ev_1252,trap.type,pitfall,
oban_1253,ev_1253,trap.type,pitfall,
oban_1254,ev_1254,trap.type,pitfall,
oban_1264,ev_1264,trap.type,pitfall,
oban_1265,ev_1265,trap.type,pitfall,
oban_1267,ev_1267,trap.type,pitfall,
oban_1279,ev_1279,trap.type,pitfall,
oban_1286,ev_1286,trap.type,pitfall,
oban_1287,ev_1287,trap.type,pitfall,
oban_1295,ev_1295,trap.type,pitfall,
oban_1300,ev_1300,trap.type,pitfall,
oban_1303,ev_1303,trap.type,pitfall,
oban_1311,ev_1311,trap.type,pitfall,
oban_1312,ev_1312,trap.type,pitfall,
oban_1315,ev_1315,trap.type,pitfall,
oban_1318,ev_1318,trap.type,pitfall,
oban_1320,ev_1320,trap.type,pitfall,
oban_1324,ev_1324,trap.type,pitfall,
oban_1330,ev_1330,trap.type,pitfall,
oban_1331,ev_1331,trap.type,pitfall,
oban_1334,ev_1334,trap.type,pitfall,
oban_1341,ev_1341,trap.type,pitfall,
oban_1346,ev_1346,trap.type,pitfall,
oban_1348,ev_1348,trap.type,pitfall,
oban_1349,ev_1349,trap.type,pitfall,
oban_1351,ev_1351,trap.type,pitfall,
oban_1353,ev_1353,trap.type,pitfall,
oban_1356,ev_1356,trap.type,pitfall,
oban_1357,ev_1357,trap.type,pitfall,
oban_1358,ev_1358,trap.type,pitfall,
oban_1365,ev_1365,trap.type,pitfall,
oban_1388,ev_1388,trap.type,pitfall,
oban_1391,ev_1391,trap.type,pitfall,
oban_1392,ev_1392,trap.type,pitfall,
oban_1394,ev_1394,trap.type,pitfall,
oban_1398,ev_1398,trap.type,pitfall,
oban_1400,ev_1400,trap.type,pitfall,
oban_1415,ev_1415,trap.type,pitfall,
oban_1420,ev_1420,trap.type,pitfall,
oban_1433,ev_1433,trap.type,pitfall,
oban_1436,ev_1436,trap.type,pitfall,
oban_1437,ev_1437,trap.type,pitfall,
oban_1438,ev_1438,trap.type,pitfall,
oban_1469,ev_1469,trap.type,pitfall,
oban_1470,ev_1470,trap.type,pitfall,
oban_1473,ev_1473,trap.type,pitfall,
oban_1482,ev_1482,trap.type,pitfall,
oban_1483,ev_1483,trap.type,pitfall,
oban_1484,ev_1484,trap.type,pitfall,
oban_1485,ev_1485,trap.type,pitfall,
oban_1492,ev_1492,trap.type,pitfall,
oban_1493,ev_1493,trap.type,pitfall,
oban_1497,ev_1497,trap.type,pitfall,
oban_1499,ev_1499,trap.type,pitfall,
oban_1500,ev_1500,trap.type,pitfall,
oban_1504,ev_1504,trap.type,pitfall,
oban_1505,ev_1505,trap.type,pitfall,
oban_1509,ev_1509,trap.type,pitfall,
oban_1511,ev_1511,trap.type,pitfall,
oban_1512,ev_1512,trap.type,pitfall,
oban_1526,ev_1526,trap.type,pitfall,
oban_1529,ev_1529,trap.type,pitfall,
oban_1530,ev_1530,trap.type,pitfall,
oban_1531,ev_1531,trap.type,pitfall,
oban_1532,ev_1532,trap.type,pitfall,
oban_1535,ev_1535,trap.type,pitfall,
oban_1547,ev_1547,trap.type,pitfall,
oban_1550,ev_1550,trap.type,pitfall,
oban_1551,ev_1551,trap.type,pitfall,
oban_1553,ev_1553,trap.type,pitfall,
oban_1554,ev_1554,trap.type,pitfall,
oban_1558,ev_1558,trap.type,pitfall,
oban_1564,ev_1564,trap.type,pitfall,
oban_1582,ev_1582,trap.type,pitfall,
oban_1583,ev_1583,trap.type,pitfall,
oban_1590,ev_1590,trap.type,pitfall,
oban_1591,ev_1591,trap.type,pitfall,
oban_1592,ev_1592,trap.type,pitfall,
oban_1609,ev_1609,trap.type,pitfall,
oban_1611,ev_1611,trap.type,pitfall,
oban_1617,ev_1617,trap.type,pitfall,
oban_1624,ev_1624,trap.type,pitfall,
oban_1625,ev_1625,trap.type,pitfall,
oban_1626,ev_1626,trap.type,pitfall,
oban_1627,ev_1627,trap.type,pitfall,
oban_1646,ev_1646,trap.type,pitfall,
oban_1648,ev_1648,trap.type,pitfall,
oban_1653,ev_1653,trap.type,pitfall,
oban_1659,ev_1659,trap.type,pitfall,
oban_1662,ev_1662,trap.type,pitfall,
oban_1663,ev_1663,trap.type,pitfall,
oban_1664,ev_1664,trap.type,pitfall,
oban_1667,ev_1667,trap.type,pitfall,
oban_1669,ev_1669,trap.type,pitfall,
oban_1672,ev_1672,trap.type,pitfall,
oban_1676,ev_1676,trap.type,pitfall,
oban_1680,ev_1680,trap.type,pitfall,
oban_1683,ev_1683,trap.type,pitfall,
oban_1684,ev_1684,trap.type,pitfall,
oban_1685,ev_1685,trap.type,pitfall,
oban_1687,ev_1687,trap.type,pitfall,
oban_1696,ev_1696,trap.type,pitfall,
oban_1706,ev_1706,trap.type,pitfall,
oban_1708,ev_1708,trap.type,pitfall,
oban_1711,ev_1711,trap.type,pitfall,
oban_1712,ev_1712,trap.type,pitfall,
oban_1713,ev_1713,trap.type,pitfall,
oban_1714,ev_1714,trap.type,pitfall,
oban_1717,ev_1717,trap.type,pitfall,
oban_1718,ev_1718,trap.type,pitfall,
oban_1721,ev_1721,trap.type,pitfall,
oban_1727,ev_1727,trap.type,pitfall,
oban_1736,ev_1736,trap.type,pitfall,
oban_1744,ev_1744,trap.type,pitfall,
oban_1767,ev_1767,trap.type,pitfall,
oban_1784,ev_1784,trap.type,pitfall,
oban_1785,ev_1785,trap.type,pitfall,
oban_1793,ev_1793,trap.type,pitfall,
oban_1794,ev_1794,trap.type,pitfall,
oban_1797,ev_1797,trap.type,pitfall,
oban_1799,ev_1799,trap.type,pitfall,
oban_1810,ev_1810,trap.type,pitfall,
oban_1812,ev_1812,trap.type,pitfall,
oban_1814,ev_1814,trap.type,pitfall,
oban_1835,ev_1835,trap.type,pitfall,
oban_1836,ev_1836,trap.type,pitfall,
oban_1837,ev_1837,trap.type,pitfall,
oban_1844,ev_1844,trap.type,pitfall,
oban_1855,ev_1855,trap.type,pitfall,
oban_1860,ev_1860,trap.type,pitfall,
oban_1868,ev_1868,trap.type,pitfall,
oban_1877,ev_1877,trap.type,pitfall,
oban_1878,ev_1878,trap.type,pitfall,
oban_1884,ev_1884,trap.type,pitfall,
oban_1885,ev_1885,trap.type,pitfall,
oban_1886,ev_1886,trap.type,pitfall,
oban_1887,ev_1887,trap.type,pitfall,
oban_1888,ev_1888,trap.type,pitfall,
oban_1890,ev_1890,trap.type,pitfall,
oban_1897,ev_1897,trap.type,pitfall,
oban_1903,ev_1903,trap.type,pitfall,
oban_1917,ev_1917,trap.type,pitfall,
oban_1923,ev_1923,trap.type,pitfall,
oban_1924,ev_1924,trap.type,pitfall,
oban_1929,ev_1929,trap.type,pitfall,
oban_1930,ev_1930,trap.type,pitfall,
oban_1933,ev_1933,trap.type,pitfall,
oban_1935,ev_1935,trap.type,pitfall,
oban_1939,ev_1939,trap.type,pitfall,
oban_1940,ev_1940,trap.type,pitfall,
oban_1941,ev_1941,trap.type,pitfall,
oban_1942,ev_1942,trap.type,pitfall,
oban_1944,ev_1944,trap.type,pitfall,
oban_1945,ev_1945,trap.type,pitfall,
oban_1949,ev_1949,trap.type,pitfall,
oban_1951,ev_1951,trap.type,pitfall,
oban_1953,ev_1953,trap.type,pitfall,
oban_1956,ev_1956,trap.type,pitfall,
oban_1957,ev_1957,trap.type,pitfall,
oban_1965,ev_1965,trap.type,pitfall,
oban_1969,ev_1969,trap.type,pitfall,
oban_1974,ev_1974,trap.type,pitfall,
oban_1993,ev_1993,trap.type,pitfall,
oban_2004,ev_2004,trap.type,pitfall,
oban_2024,ev_2024,trap.type,pitfall,
oban_2025,ev_2025,trap.type,pitfall,
oban_2038,ev_2038,trap.type,pitfall,
oban_2040,ev_2040,trap.type,pitfall,
oban_2046,ev_2046,trap.type,pitfall,
oban_2047,ev_2047,trap.type,pitfall,
oban_2048,ev_2048,trap.type,pitfall,
oban_2049,ev_2049,trap.type,pitfall,
oban_2053,ev_2053,trap.type,pitfall,
oban_2055,ev_2055,trap.type,pitfall,
oban_2058,ev_2058,trap.type,pitfall,
oban_2061,ev_2061,trap.type,pitfall,
oban_2078,ev_2078,trap.type,pitfall,
oban_2121,ev_2121,trap.type,pitfall,
oban_2158,ev_2158,trap.type,pitfall,
oban_2161,ev_2161,trap.type,pitfall,
oban_2170,ev_2170,trap.type,pitfall,
oban_2172,ev_2172,trap.type,pitfall,
oban_2182,ev_2182,trap.type,pitfall,
oban_2187,ev_2187,trap.type,pitfall,
oban_2188,ev_2188,trap.type,pitfall,
oban_2189,ev_2189,trap.type,pitfall,
oban_2190,ev_2190,trap.type,pitfall,
oban_2194,ev_2194,trap.type,pitfall,
oban_2201,ev_2201,trap.type,pitfall,
oban_2211,ev_2211,trap.type,pitfall,
oban_2223,ev_2223,trap.type,pitfall,
oban_2241,ev_2241,trap.type,pitfall,
oban_2250,ev_2250,trap.type,pitfall,
oban_2261,ev_2261,trap.type,pitfall,
oban_2264,ev_2264,trap.type,pitfall,
oban_2265,ev_2265,trap.type,pitfall,
oban_2271,ev_2271,trap.type,pitfall,
oban_2272,ev_2272,trap.type,pitfall,
oban_2283,ev_2283,trap.type,pitfall,
oban_2285,ev_2285,trap.type,pitfall,
oban_2288,ev_2288,trap.type,pitfall,
oban_2289,ev_2289,trap.type,pitfall,
oban_2290,ev_2290,trap.type,pitfall,
oban_2291,ev_2291,trap.type,pitfall,
oban_2292,ev_2292,trap.type,pitfall,
oban_2294,ev_2294,trap.type,pitfall,
oban_2299,ev_2299,trap.type,pitfall,
oban_2303,ev_2303,trap.type,pitfall,
oban_2304,ev_2304,trap.type,pitfall,
oban_2305,ev_2305,trap.type,pitfall,
oban_2310,ev_2310,trap.type,pitfall,
oban_2313,ev_2313,trap.type,pitfall,
oban_2315,ev_2315,trap.type,pitfall,
oban_2322,ev_2322,trap.type,pitfall,
oban_2323,ev_2323,trap.type,pitfall,
oban_2327,ev_2327,trap.type,pitfall,
oban_2328,ev_2328,trap.type,pitfall,
oban_2334,ev_2334,trap.type,pitfall,
oban_2335,ev_2335,trap.type,pitfall,
oban_2337,ev_2337,trap.type,pitfall,
oban_2339,ev_2339,trap.type,pitfall,
oban_2341,ev_2341,trap.type,pitfall,
oban_2343,ev_2343,trap.type,pitfall,
oban_2362,ev_2362,trap.type,pitfall,
oban_2365,ev_2365,trap.type,pitfall,
oban_2368,ev_2368,trap.type,pitfall,
oban_2369,ev_2369,trap.type,pitfall,
oban_2373,ev_2373,trap.type,pitfall,
oban_2378,ev_2378,trap.type,pitfall,
oban_2381,ev_2381,trap.type,pitfall,
oban_2382,ev_2382,trap.type,pitfall,
oban_2384,ev_2384,trap.type,pitfall,
oban_2386,ev_2386,trap.type,pitfall,
oban_2388,ev_2388,trap.type,pitfall,
oban_2403,ev_2403,trap.type,pitfall,
oban_2412,ev_2412,trap.type,pitfall,
oban_2421,ev_2421,trap.type,pitfall,
oban_2434,ev_2434,trap.type,pitfall,
oban_2435,ev_2435,trap.type,pitfall,
oban_2440,ev_2440,trap.type,pitfall,
oban_2441,ev_2441,trap.type,pitfall,
oban_2453,ev_2453,trap.type,pitfall,
oban_2466,ev_2466,trap.type,pitfall,
oban_2484,ev_2484,trap.type,pitfall,
oban_2485,ev_2485,trap.type,pitfall,
oban_2498,ev_2498,trap.type,pitfall,
oban_2499,ev_2499,trap.type,pitfall,
oban_2500,ev_2500,trap.type,pitfall,
oban_2501,ev_2501,trap.type,pitfall,
oban_2510,ev_2510,trap.type,pitfall,
oban_2511,ev_2511,trap.type,pitfall,
oban_2513,ev_2513,trap.type,pitfall,
oban_2514,ev_2514,trap.type,pitfall,
oban_2515,ev_2515,trap.type,pitfall,
oban_2517,ev_2517,trap.type,pitfall,
oban_2518,ev_2518,trap.type,pitfall,
oban_2519,ev_2519,trap.type,pitfall,
oban_2520,ev_2520,trap.type,pitfall,
oban_2524,ev_2524,trap.type,pitfall,
oban_2528,ev_2528,trap.type,pitfall,
oban_2529,ev_2529,trap.type,pitfall,
oban_2539,ev_2539,trap.type,pitfall,
oban_2541,ev_2541,trap.type,pitfall,
oban_2543,ev_2543,trap.type,pitfall,
oban_2546,ev_2546,trap.type,pitfall,
oban_2549,ev_2549,trap.type,pitfall,
oban_2557,ev_2557,trap.type,pitfall,
oban_2565,ev_2565,trap.type,pitfall,
oban_2572,ev_2572,trap.type,pitfall,
oban_2573,ev_2573,trap.type,pitfall,
oban_2574,ev_2574,trap.type,pitfall,
oban_2576,ev_2576,trap.type,pitfall,
oban_2579,ev_2579,trap.type,pitfall,
oban_2582,ev_2582,trap.type,pitfall,
oban_2585,ev_2585,trap.type,pitfall,
oban_2586,ev_2586,trap.type,pitfall,
oban_2588,ev_2588,trap.type,pitfall,
oban_2594,ev_2594,trap.type,pitfall,
oban_2596,ev_2596,trap.type,pitfall,
oban_2597,ev_2597,trap.type,pitfall,
oban_2599,ev_2599,trap.type,pitfall,
oban_2600,ev_2600,trap.type,pitfall,
oban_2607,ev_2607,trap.type,pitfall,
oban_2613,ev_2613,trap.type,pitfall,
oban_2653,ev_2653,trap.type,pitfall,
oban_2654,ev_2654,trap.type,pitfall,
oban_2679,ev_2679,trap.type,pitfall,
oban_2684,ev_2684,trap.type,pitfall,
oban_2689,ev_2689,trap.type,pitfall,
oban_2693,ev_2693,trap.type,pitfall,
oban_2694,ev_2694,trap.type,pitfall,
oban_2700,ev_2700,trap.type,pitfall,
oban_2701,ev_2701,trap.type,pitfall,
oban_2703,ev_2703,trap.type,pitfall,
oban_2709,ev_2709,trap.type,pitfall,
oban_2712,ev_2712,trap.type,pitfall,
oban_2713,ev_2713,trap.type,pitfall,
oban_2716,ev_2716,trap.type,pitfall,
oban_2718,ev_2718,trap.type,pitfall,
oban_2720,ev_2720,trap.type,pitfall,
oban_2721,ev_2721,trap.type,pitfall,
oban_2727,ev_2727,trap.type,pitfall,
oban_2738,ev_2738,trap.type,pitfall,
oban_2743,ev_2743,trap.type,pitfall,
oban_2756,ev_2756,trap.type,pitfall,
oban_2757,ev_2757,trap.type,pitfall,
oban_2758,ev_2758,trap.type,pitfall,
oban_2778,ev_2778,trap.type,pitfall,
oban_2783,ev_2783,trap.type,pitfall,
oban_2791,ev_2791,trap.type,pitfall,
oban_2792,ev_2792,trap.type,pitfall,
oban_2800,ev_2800,trap.type,pitfall,
oban_2805,ev_2805,trap.type,pitfall,
oban_2828,ev_2828,trap.type,pitfall,
oban_2837,ev_2837,trap.type,pitfall,
oban_2838,ev_2838,trap.type,pitfall,
oban_2870,ev_2870,trap.type,pitfall,
oban_2871,ev_2871,trap.type,pitfall,
oban_2872,ev_2872,trap.type,pitfall,
oban_2877,ev_2877,trap.type,pitfall,
oban_2879,ev_2879,trap.type,pitfall,
oban_2906,ev_2906,trap.type,pitfall,
oban_2907,ev_2907,trap.type,pitfall,
oban_2909,ev_2909,trap.type,pitfall,
oban_2910,ev_2910,trap.type,pitfall,
oban_2913,ev_2913,trap.type,pitfall,
oban_2916,ev_2916,trap.type,pitfall,
oban_2924,ev_2924,trap.type,pitfall,
oban_2937,ev_1,trap.num,10,
oban_2938,ev_2,trap.num,23,
oban_2939,ev_3,trap.num,10,
oban_2955,ev_19,trap.num,14,
oban_2959,ev_23,trap.num,"",
oban_2961,ev_25,trap.num,1L sample - replicate 1,
oban_2967,ev_31,trap.num,1 hr,
oban_2969,ev_33,trap.num,"",
oban_2971,ev_35,trap.num,1,
oban_2980,ev_44,trap.num,"",
oban_2981,ev_45,trap.num,"",
oban_2982,ev_46,trap.num,1,
oban_2983,ev_47,trap.num,1 hour,
oban_2984,ev_48,trap.num,1 hour,
oban_2993,ev_57,trap.num,"",
oban_2994,ev_58,trap.num,"",
oban_2996,ev_60,trap.num,1 hour,
oban_3002,ev_66,trap.num,1,
oban_3003,ev_67,trap.num,8,
oban_3006,ev_70,trap.num,15 minutes,
oban_3007,ev_71,trap.num,"",
oban_3011,ev_75,trap.num,1 hour,
oban_3014,ev_78,trap.num,1 L sample - replicate 2,
oban_3019,ev_83,trap.num,"",
oban_3026,ev_90,trap.num,14,
oban_3027,ev_91,trap.num,20,
oban_3031,ev_95,trap.num,"",
oban_3032,ev_96,trap.num,15 minutes,
oban_3045,ev_109,trap.num,15 minutes,
oban_3046,ev_110,trap.num,15 minutes,
oban_3047,ev_111,trap.num,15 minutes,
oban_3049,ev_113,trap.num,1 L sample - replicate 1,
oban_3052,ev_116,trap.num,"",
oban_3072,ev_136,trap.num,1 L sample - replicate 2,
oban_3077,ev_141,trap.num,14,
oban_3078,ev_142,trap.num,15 minutes,
oban_3080,ev_144,trap.num,15 minutes,
oban_3081,ev_145,trap.num,15 minutes,
oban_3083,ev_147,trap.num,"",
oban_3089,ev_153,trap.num,"",
oban_3116,ev_180,trap.num,1 L sample - replicate 2,
oban_3124,ev_188,trap.num,"",
oban_3126,ev_190,trap.num,"",
oban_3160,ev_224,trap.num,"",
oban_3162,ev_226,trap.num,"",
oban_3164,ev_228,trap.num,(60;50),
oban_3165,ev_229,trap.num,"",
oban_3167,ev_231,trap.num,"",
oban_3168,ev_232,trap.num,"",
oban_3171,ev_235,trap.num,"",
oban_3173,ev_237,trap.num,"",
oban_3174,ev_238,trap.num,"",
oban_3175,ev_239,trap.num,"",
oban_3178,ev_242,trap.num,"",
oban_3179,ev_243,trap.num,"",
oban_3181,ev_245,trap.num,"",
oban_3186,ev_250,trap.num,9,
oban_3192,ev_256,trap.num,"",
oban_3193,ev_257,trap.num,"",
oban_3194,ev_258,trap.num,"",
oban_3195,ev_259,trap.num,"",
oban_3203,ev_267,trap.num,,
oban_3204,ev_268,trap.num,,
oban_3208,ev_272,trap.num,,
oban_3209,ev_273,trap.num,,
oban_3221,ev_285,trap.num,,
oban_3222,ev_286,trap.num,,
oban_3223,ev_287,trap.num,,
oban_3227,ev_291,trap.num,,
oban_3232,ev_296,trap.num,,
oban_3240,ev_304,trap.num,,
oban_3241,ev_305,trap.num,,
oban_3242,ev_306,trap.num,,
oban_3243,ev_307,trap.num,,
oban_3244,ev_308,trap.num,,
oban_3247,ev_311,trap.num,,
oban_3248,ev_312,trap.num,,
oban_3250,ev_314,trap.num,,
oban_3251,ev_315,trap.num,,
oban_3267,ev_331,trap.num,,
oban_3268,ev_332,trap.num,,
oban_3269,ev_333,trap.num,,
oban_3270,ev_334,trap.num,,
oban_3271,ev_335,trap.num,,
oban_3273,ev_337,trap.num,,
oban_3274,ev_338,trap.num,,
oban_3275,ev_339,trap.num,6,
oban_3276,ev_340,trap.num,7,
oban_3277,ev_341,trap.num,9,
oban_3281,ev_345,trap.num,,
oban_3283,ev_347,trap.num,,
oban_3284,ev_348,trap.num,,
oban_3285,ev_349,trap.num,,
oban_3287,ev_351,trap.num,,
oban_3288,ev_352,trap.num,,
oban_3289,ev_353,trap.num,,
oban_3290,ev_354,trap.num,,
oban_3292,ev_356,trap.num,,
oban_3294,ev_358,trap.num,,
oban_3295,ev_359,trap.num,,
oban_3296,ev_360,trap.num,,
oban_3297,ev_361,trap.num,,
oban_3298,ev_362,trap.num,,
oban_3302,ev_366,trap.num,2,
oban_3305,ev_369,trap.num,16,
oban_3307,ev_371,trap.num,,
oban_3309,ev_373,trap.num,,
oban_3310,ev_374,trap.num,,
oban_3311,ev_375,trap.num,,
oban_3313,ev_377,trap.num,24,
oban_3315,ev_379,trap.num,,
oban_3316,ev_380,trap.num,,
oban_3317,ev_381,trap.num,,
oban_3320,ev_384,trap.num,,
oban_3321,ev_385,trap.num,,
oban_3322,ev_386,trap.num,,
oban_3323,ev_387,trap.num,,
oban_3324,ev_388,trap.num,,
oban_3325,ev_389,trap.num,,
oban_3327,ev_391,trap.num,1,
oban_3328,ev_392,trap.num,1,
oban_3333,ev_397,trap.num,6,
oban_3335,ev_399,trap.num,9,
oban_3336,ev_400,trap.num,10,
oban_3344,ev_408,trap.num,,
oban_3345,ev_409,trap.num,,
oban_3346,ev_410,trap.num,,
oban_3347,ev_411,trap.num,,
oban_3349,ev_413,trap.num,,
oban_3350,ev_414,trap.num,,
oban_3351,ev_415,trap.num,,
oban_3352,ev_416,trap.num,,
oban_3353,ev_417,trap.num,,
oban_3355,ev_419,trap.num,1,
oban_3356,ev_420,trap.num,9,
oban_3360,ev_424,trap.num,15,
oban_3363,ev_427,trap.num,,
oban_3366,ev_430,trap.num,25,
oban_3367,ev_431,trap.num,20,
oban_3370,ev_434,trap.num,,
oban_3371,ev_435,trap.num,,
oban_3372,ev_436,trap.num,,
oban_3373,ev_437,trap.num,,
oban_3374,ev_438,trap.num,,
oban_3375,ev_439,trap.num,,
oban_3376,ev_440,trap.num,,
oban_3377,ev_441,trap.num,,
oban_3378,ev_442,trap.num,,
oban_3381,ev_445,trap.num,,
oban_3382,ev_446,trap.num,,
oban_3383,ev_447,trap.num,1,
oban_3384,ev_448,trap.num,1,
oban_3386,ev_450,trap.num,3,
oban_3392,ev_456,trap.num,,
oban_3393,ev_457,trap.num,2,
oban_3394,ev_458,trap.num,11,
oban_3395,ev_459,trap.num,11,
oban_3396,ev_460,trap.num,15,
oban_3401,ev_465,trap.num,24,
oban_3404,ev_468,trap.num,,
oban_3410,ev_474,trap.num,,
oban_3414,ev_478,trap.num,,
oban_3415,ev_479,trap.num,,
oban_3417,ev_481,trap.num,,
oban_3418,ev_482,trap.num,19,
oban_3419,ev_483,trap.num,,
oban_3420,ev_484,trap.num,18,
oban_3421,ev_485,trap.num,,
oban_3423,ev_487,trap.num,,
oban_3425,ev_489,trap.num,5,
oban_3427,ev_491,trap.num,7,
oban_3429,ev_493,trap.num,14,
oban_3431,ev_495,trap.num,24,
oban_3434,ev_498,trap.num,4,
oban_3437,ev_501,trap.num,9,
oban_3439,ev_503,trap.num,21,
oban_3444,ev_508,trap.num,,
oban_3461,ev_525,trap.num,1,
oban_3462,ev_526,trap.num,1,
oban_3466,ev_530,trap.num,6,
oban_3479,ev_543,trap.num,,
oban_3510,ev_574,trap.num,2,
oban_3512,ev_576,trap.num,6,
oban_3526,ev_590,trap.num,,
oban_3527,ev_591,trap.num,,
oban_3530,ev_594,trap.num,1,
oban_3531,ev_595,trap.num,1,
oban_3539,ev_603,trap.num,14,
oban_3544,ev_608,trap.num,22,
oban_3545,ev_609,trap.num,24,
oban_3553,ev_617,trap.num,,
oban_3554,ev_618,trap.num,,
oban_3555,ev_619,trap.num,,
oban_3556,ev_620,trap.num,,
oban_3560,ev_624,trap.num,1,
oban_3564,ev_628,trap.num,23,
oban_3565,ev_629,trap.num,,
oban_3567,ev_631,trap.num,,
oban_3569,ev_633,trap.num,,
oban_3570,ev_634,trap.num,,
oban_3571,ev_635,trap.num,,
oban_3572,ev_636,trap.num,,
oban_3573,ev_637,trap.num,,
oban_3574,ev_638,trap.num,,
oban_3575,ev_639,trap.num,13,
oban_3577,ev_641,trap.num,19,
oban_3585,ev_649,trap.num,1,
oban_3586,ev_650,trap.num,1,
oban_3587,ev_651,trap.num,6,
oban_3605,ev_669,trap.num,,
oban_3606,ev_670,trap.num,,
oban_3607,ev_671,trap.num,,
oban_3611,ev_675,trap.num,,
oban_3612,ev_676,trap.num,,
oban_3613,ev_677,trap.num,,
oban_3620,ev_684,trap.num,,
oban_3621,ev_685,trap.num,,
oban_3622,ev_686,trap.num,,
oban_3625,ev_689,trap.num,,
oban_3629,ev_693,trap.num,,
oban_3630,ev_694,trap.num,1,
oban_3636,ev_700,trap.num,2,
oban_3637,ev_701,trap.num,3,
oban_3639,ev_703,trap.num,9,
oban_3648,ev_712,trap.num,,
oban_3649,ev_713,trap.num,,
oban_3655,ev_719,trap.num,,
oban_3661,ev_725,trap.num,9,
oban_3662,ev_726,trap.num,10,
oban_3667,ev_731,trap.num,1,
oban_3677,ev_741,trap.num,20,
oban_3679,ev_743,trap.num,1,
oban_3682,ev_746,trap.num,6,
oban_3683,ev_747,trap.num,6,
oban_3689,ev_753,trap.num,14,
oban_3696,ev_760,trap.num,21,
oban_3702,ev_766,trap.num,,
oban_3705,ev_769,trap.num,,
oban_3708,ev_772,trap.num,,
oban_3710,ev_774,trap.num,,
oban_3711,ev_775,trap.num,,
oban_3713,ev_777,trap.num,,
oban_3716,ev_780,trap.num,,
oban_3718,ev_782,trap.num,,
oban_3719,ev_783,trap.num,,
oban_3720,ev_784,trap.num,,
oban_3722,ev_786,trap.num,,
oban_3724,ev_788,trap.num,,
oban_3728,ev_792,trap.num,,
oban_3729,ev_793,trap.num,,
oban_3730,ev_794,trap.num,,
oban_3733,ev_797,trap.num,,
oban_3738,ev_802,trap.num,,
oban_3742,ev_806,trap.num,,
oban_3743,ev_807,trap.num,,
oban_3744,ev_808,trap.num,,
oban_3750,ev_814,trap.num,,
oban_3751,ev_815,trap.num,,
oban_3752,ev_816,trap.num,,
oban_3753,ev_817,trap.num,,
oban_3754,ev_818,trap.num,,
oban_3763,ev_827,trap.num,,
oban_3764,ev_828,trap.num,,
oban_3765,ev_829,trap.num,,
oban_3767,ev_831,trap.num,,
oban_3768,ev_832,trap.num,,
oban_3769,ev_833,trap.num,,
oban_3773,ev_837,trap.num,,
oban_3777,ev_841,trap.num,,
oban_3814,ev_878,trap.num,,
oban_3817,ev_881,trap.num,,
oban_3820,ev_884,trap.num,,
oban_3827,ev_891,trap.num,,
oban_3828,ev_892,trap.num,,
oban_3854,ev_918,trap.num,,
oban_3867,ev_931,trap.num,,
oban_3871,ev_935,trap.num,,
oban_3872,ev_936,trap.num,,
oban_3873,ev_937,trap.num,,
oban_3877,ev_941,trap.num,,
oban_3878,ev_942,trap.num,,
oban_3880,ev_944,trap.num,,
oban_3882,ev_946,trap.num,,
oban_3883,ev_947,trap.num,,
oban_3885,ev_949,trap.num,,
oban_3889,ev_953,trap.num,,
oban_3891,ev_955,trap.num,,
oban_3893,ev_957,trap.num,,
oban_3896,ev_960,trap.num,,
oban_3899,ev_963,trap.num,,
oban_3908,ev_972,trap.num,,
oban_3911,ev_975,trap.num,,
oban_3912,ev_976,trap.num,,
oban_3914,ev_978,trap.num,,
oban_3916,ev_980,trap.num,,
oban_3917,ev_981,trap.num,,
oban_3919,ev_983,trap.num,,
oban_3923,ev_987,trap.num,,
oban_3929,ev_993,trap.num,,
oban_3930,ev_994,trap.num,,
oban_3934,ev_998,trap.num,,
oban_3935,ev_999,trap.num,,
oban_3936,ev_1000,trap.num,,
oban_3937,ev_1001,trap.num,,
oban_3938,ev_1002,trap.num,,
oban_3939,ev_1003,trap.num,,
oban_3944,ev_1008,trap.num,,
oban_3947,ev_1011,trap.num,,
oban_3954,ev_1018,trap.num,2,
oban_3955,ev_1019,trap.num,2,
oban_3965,ev_1029,trap.num,22,
oban_3969,ev_1033,trap.num,,
oban_3972,ev_1036,trap.num,2,
oban_3973,ev_1037,trap.num,3,
oban_3974,ev_1038,trap.num,3,
oban_3975,ev_1039,trap.num,5,
oban_3976,ev_1040,trap.num,8,
oban_3979,ev_1043,trap.num,20,
oban_3992,ev_1056,trap.num,7,
oban_3993,ev_1057,trap.num,7,
oban_3995,ev_1059,trap.num,20,
oban_3999,ev_1063,trap.num,1,
oban_4000,ev_1064,trap.num,1,
oban_4009,ev_1073,trap.num,25,
oban_4016,ev_1080,trap.num,2,
oban_4018,ev_1082,trap.num,4,
oban_4019,ev_1083,trap.num,8,
oban_4022,ev_1086,trap.num,16,
oban_4040,ev_1104,trap.num,2,
oban_4041,ev_1105,trap.num,2,
oban_4059,ev_1123,trap.num,,
oban_4060,ev_1124,trap.num,2,
oban_4061,ev_1125,trap.num,2,
oban_4064,ev_1128,trap.num,3,
oban_4066,ev_1130,trap.num,6,
oban_4069,ev_1133,trap.num,9,
oban_4087,ev_1151,trap.num,3,
oban_4092,ev_1156,trap.num,,
oban_4095,ev_1159,trap.num,,
oban_4096,ev_1160,trap.num,,
oban_4099,ev_1163,trap.num,1,
oban_4100,ev_1164,trap.num,2,
oban_4101,ev_1165,trap.num,3,
oban_4103,ev_1167,trap.num,6,
oban_4104,ev_1168,trap.num,6,
oban_4106,ev_1170,trap.num,7,
oban_4129,ev_1193,trap.num,1,
oban_4135,ev_1199,trap.num,,
oban_4136,ev_1200,trap.num,,
oban_4138,ev_1202,trap.num,1,
oban_4139,ev_1203,trap.num,5,
oban_4140,ev_1204,trap.num,8,
oban_4141,ev_1205,trap.num,11,
oban_4145,ev_1209,trap.num,19,
oban_4147,ev_1211,trap.num,22,
oban_4149,ev_1213,trap.num,1,
oban_4150,ev_1214,trap.num,1,
oban_4151,ev_1215,trap.num,1,
oban_4152,ev_1216,trap.num,1,
oban_4155,ev_1219,trap.num,3,
oban_4156,ev_1220,trap.num,3,
oban_4177,ev_1241,trap.num,24,
oban_4178,ev_1242,trap.num,24,
oban_4181,ev_1245,trap.num,1,
oban_4182,ev_1246,trap.num,4,
oban_4186,ev_1250,trap.num,2,
oban_4187,ev_1251,trap.num,3,
oban_4188,ev_1252,trap.num,3,
oban_4189,ev_1253,trap.num,3,
oban_4190,ev_1254,trap.num,3,
oban_4200,ev_1264,trap.num,3,
oban_4201,ev_1265,trap.num,4,
oban_4203,ev_1267,trap.num,8,
oban_4215,ev_1279,trap.num,4,
oban_4222,ev_1286,trap.num,1,
oban_4223,ev_1287,trap.num,1,
oban_4231,ev_1295,trap.num,14,
oban_4236,ev_1300,trap.num,18,
oban_4239,ev_1303,trap.num,21,
oban_4247,ev_1311,trap.num,1,
oban_4248,ev_1312,trap.num,1,
oban_4251,ev_1315,trap.num,3,
oban_4254,ev_1318,trap.num,8,
oban_4256,ev_1320,trap.num,12,
oban_4260,ev_1324,trap.num,14,
oban_4266,ev_1330,trap.num,22,
oban_4267,ev_1331,trap.num,3,
oban_4270,ev_1334,trap.num,12,
oban_4277,ev_1341,trap.num,1,
oban_4282,ev_1346,trap.num,24,
oban_4284,ev_1348,trap.num,14,
oban_4285,ev_1349,trap.num,14,
oban_4287,ev_1351,trap.num,13,
oban_4289,ev_1353,trap.num,13,
oban_4292,ev_1356,trap.num,1,
oban_4293,ev_1357,trap.num,1,
oban_4294,ev_1358,trap.num,6,
oban_4301,ev_1365,trap.num,17,
oban_4324,ev_1388,trap.num,4,
oban_4327,ev_1391,trap.num,11,
oban_4328,ev_1392,trap.num,22,
oban_4330,ev_1394,trap.num,17,
oban_4334,ev_1398,trap.num,24,
oban_4336,ev_1400,trap.num,9,
oban_4351,ev_1415,trap.num,11,
oban_4356,ev_1420,trap.num,17,
oban_4369,ev_1433,trap.num,14,
oban_4372,ev_1436,trap.num,24,
oban_4373,ev_1437,trap.num,16,
oban_4374,ev_1438,trap.num,13,
oban_4405,ev_1469,trap.num,9,
oban_4406,ev_1470,trap.num,1,
oban_4409,ev_1473,trap.num,25,
oban_4418,ev_1482,trap.num,7,
oban_4419,ev_1483,trap.num,7,
oban_4420,ev_1484,trap.num,11,
oban_4421,ev_1485,trap.num,8,
oban_4428,ev_1492,trap.num,23,
oban_4429,ev_1493,trap.num,23,
oban_4433,ev_1497,trap.num,4,
oban_4435,ev_1499,trap.num,12,
oban_4436,ev_1500,trap.num,12,
oban_4440,ev_1504,trap.num,6,
oban_4441,ev_1505,trap.num,13,
oban_4445,ev_1509,trap.num,3,
oban_4447,ev_1511,trap.num,21,
oban_4448,ev_1512,trap.num,21,
oban_4462,ev_1526,trap.num,4,
oban_4465,ev_1529,trap.num,7,
oban_4466,ev_1530,trap.num,7,
oban_4467,ev_1531,trap.num,2,
oban_4468,ev_1532,trap.num,11,
oban_4471,ev_1535,trap.num,1,
oban_4483,ev_1547,trap.num,2,
oban_4486,ev_1550,trap.num,22,
oban_4487,ev_1551,trap.num,22,
oban_4489,ev_1553,trap.num,19,
oban_4490,ev_1554,trap.num,14,
oban_4494,ev_1558,trap.num,25,
oban_4500,ev_1564,trap.num,10,
oban_4518,ev_1582,trap.num,21,
oban_4519,ev_1583,trap.num,11,
oban_4526,ev_1590,trap.num,25,
oban_4527,ev_1591,trap.num,25,
oban_4528,ev_1592,trap.num,25,
oban_4545,ev_1609,trap.num,5,
oban_4547,ev_1611,trap.num,8,
oban_4553,ev_1617,trap.num,2,
oban_4560,ev_1624,trap.num,14,
oban_4561,ev_1625,trap.num,14,
oban_4562,ev_1626,trap.num,12,
oban_4563,ev_1627,trap.num,17,
oban_4582,ev_1646,trap.num,19,
oban_4584,ev_1648,trap.num,24,
oban_4589,ev_1653,trap.num,12,
oban_4595,ev_1659,trap.num,5,
oban_4598,ev_1662,trap.num,10,
oban_4599,ev_1663,trap.num,5,
oban_4600,ev_1664,trap.num,5,
oban_4603,ev_1667,trap.num,8,
oban_4605,ev_1669,trap.num,11,
oban_4608,ev_1672,trap.num,22,
oban_4612,ev_1676,trap.num,15,
oban_4616,ev_1680,trap.num,6,
oban_4619,ev_1683,trap.num,3,
oban_4620,ev_1684,trap.num,3,
oban_4621,ev_1685,trap.num,5,
oban_4623,ev_1687,trap.num,7,
oban_4632,ev_1696,trap.num,25,
oban_4642,ev_1706,trap.num,16,
oban_4644,ev_1708,trap.num,19,
oban_4647,ev_1711,trap.num,1,
oban_4648,ev_1712,trap.num,1,
oban_4649,ev_1713,trap.num,1,
oban_4650,ev_1714,trap.num,2,
oban_4653,ev_1717,trap.num,2,
oban_4654,ev_1718,trap.num,2,
oban_4657,ev_1721,trap.num,3,
oban_4663,ev_1727,trap.num,7,
oban_4672,ev_1736,trap.num,13,
oban_4680,ev_1744,trap.num,19,
oban_4703,ev_1767,trap.num,14,
oban_4720,ev_1784,trap.num,4,
oban_4721,ev_1785,trap.num,5,
oban_4729,ev_1793,trap.num,1,
oban_4730,ev_1794,trap.num,3,
oban_4733,ev_1797,trap.num,4,
oban_4735,ev_1799,trap.num,5,
oban_4746,ev_1810,trap.num,11,
oban_4748,ev_1812,trap.num,14,
oban_4750,ev_1814,trap.num,14,
oban_4771,ev_1835,trap.num,5,
oban_4772,ev_1836,trap.num,2,
oban_4773,ev_1837,trap.num,2,
oban_4780,ev_1844,trap.num,16,
oban_4791,ev_1855,trap.num,4,
oban_4796,ev_1860,trap.num,17,
oban_4804,ev_1868,trap.num,5,
oban_4813,ev_1877,trap.num,2,
oban_4814,ev_1878,trap.num,12,
oban_4820,ev_1884,trap.num,22,
oban_4821,ev_1885,trap.num,5,
oban_4822,ev_1886,trap.num,5,
oban_4823,ev_1887,trap.num,11,
oban_4824,ev_1888,trap.num,11,
oban_4826,ev_1890,trap.num,16,
oban_4833,ev_1897,trap.num,22,
oban_4839,ev_1903,trap.num,3,
oban_4853,ev_1917,trap.num,19,
oban_4859,ev_1923,trap.num,5,
oban_4860,ev_1924,trap.num,8,
oban_4865,ev_1929,trap.num,24,
oban_4866,ev_1930,trap.num,3,
oban_4869,ev_1933,trap.num,14,
oban_4871,ev_1935,trap.num,21,
oban_4875,ev_1939,trap.num,1,
oban_4876,ev_1940,trap.num,1,
oban_4877,ev_1941,trap.num,1,
oban_4878,ev_1942,trap.num,1,
oban_4880,ev_1944,trap.num,2,
oban_4881,ev_1945,trap.num,2,
oban_4885,ev_1949,trap.num,3,
oban_4887,ev_1951,trap.num,4,
oban_4889,ev_1953,trap.num,5,
oban_4892,ev_1956,trap.num,6,
oban_4893,ev_1957,trap.num,7,
oban_4901,ev_1965,trap.num,12,
oban_4905,ev_1969,trap.num,19,
oban_4910,ev_1974,trap.num,21,
oban_4929,ev_1993,trap.num,5,
oban_4940,ev_2004,trap.num,12,
oban_4960,ev_2024,trap.num,1,
oban_4961,ev_2025,trap.num,2,
oban_4974,ev_2038,trap.num,2,
oban_4976,ev_2040,trap.num,7,
oban_4982,ev_2046,trap.num,1,
oban_4983,ev_2047,trap.num,1,
oban_4984,ev_2048,trap.num,1,
oban_4985,ev_2049,trap.num,2,
oban_4989,ev_2053,trap.num,3,
oban_4991,ev_2055,trap.num,4,
oban_4994,ev_2058,trap.num,5,
oban_4997,ev_2061,trap.num,5,
oban_5014,ev_2078,trap.num,10,
oban_5057,ev_2121,trap.num,3,
oban_5094,ev_2158,trap.num,17,
oban_5097,ev_2161,trap.num,17,
oban_5106,ev_2170,trap.num,21,
oban_5108,ev_2172,trap.num,21,
oban_5118,ev_2182,trap.num,24,
oban_5123,ev_2187,trap.num,1,
oban_5124,ev_2188,trap.num,2,
oban_5125,ev_2189,trap.num,3,
oban_5126,ev_2190,trap.num,3,
oban_5130,ev_2194,trap.num,5,
oban_5137,ev_2201,trap.num,8,
oban_5147,ev_2211,trap.num,17,
oban_5159,ev_2223,trap.num,25,
oban_5177,ev_2241,trap.num,13,
oban_5186,ev_2250,trap.num,1,
oban_5197,ev_2261,trap.num,25,
oban_5200,ev_2264,trap.num,1,
oban_5201,ev_2265,trap.num,1,
oban_5207,ev_2271,trap.num,23,
oban_5208,ev_2272,trap.num,23,
oban_5219,ev_2283,trap.num,19,
oban_5221,ev_2285,trap.num,21,
oban_5224,ev_2288,trap.num,1,
oban_5225,ev_2289,trap.num,5,
oban_5226,ev_2290,trap.num,5,
oban_5227,ev_2291,trap.num,5,
oban_5228,ev_2292,trap.num,5,
oban_5230,ev_2294,trap.num,16,
oban_5235,ev_2299,trap.num,2,
oban_5239,ev_2303,trap.num,19,
oban_5240,ev_2304,trap.num,9,
oban_5241,ev_2305,trap.num,1,
oban_5246,ev_2310,trap.num,20,
oban_5249,ev_2313,trap.num,14,
oban_5251,ev_2315,trap.num,22,
oban_5258,ev_2322,trap.num,2,
oban_5259,ev_2323,trap.num,5,
oban_5263,ev_2327,trap.num,18,
oban_5264,ev_2328,trap.num,21,
oban_5270,ev_2334,trap.num,25,
oban_5271,ev_2335,trap.num,25,
oban_5273,ev_2337,trap.num,15,
oban_5275,ev_2339,trap.num,21,
oban_5277,ev_2341,trap.num,4,
oban_5279,ev_2343,trap.num,4,
oban_5298,ev_2362,trap.num,6,
oban_5301,ev_2365,trap.num,3,
oban_5304,ev_2368,trap.num,20,
oban_5305,ev_2369,trap.num,7,
oban_5309,ev_2373,trap.num,10,
oban_5314,ev_2378,trap.num,12,
oban_5317,ev_2381,trap.num,18,
oban_5318,ev_2382,trap.num,4,
oban_5320,ev_2384,trap.num,23,
oban_5322,ev_2386,trap.num,16,
oban_5324,ev_2388,trap.num,15,
oban_5339,ev_2403,trap.num,12,
oban_5348,ev_2412,trap.num,15,
oban_5357,ev_2421,trap.num,22,
oban_5370,ev_2434,trap.num,11,
oban_5371,ev_2435,trap.num,11,
oban_5376,ev_2440,trap.num,17,
oban_5377,ev_2441,trap.num,4,
oban_5389,ev_2453,trap.num,3,
oban_5402,ev_2466,trap.num,1,
oban_5420,ev_2484,trap.num,24,
oban_5421,ev_2485,trap.num,24,
oban_5434,ev_2498,trap.num,6,
oban_5435,ev_2499,trap.num,11,
oban_5436,ev_2500,trap.num,12,
oban_5437,ev_2501,trap.num,3,
oban_5446,ev_2510,trap.num,7,
oban_5447,ev_2511,trap.num,3,
oban_5449,ev_2513,trap.num,7,
oban_5450,ev_2514,trap.num,15,
oban_5451,ev_2515,trap.num,20,
oban_5453,ev_2517,trap.num,22,
oban_5454,ev_2518,trap.num,21,
oban_5455,ev_2519,trap.num,21,
oban_5456,ev_2520,trap.num,23,
oban_5460,ev_2524,trap.num,1,
oban_5464,ev_2528,trap.num,10,
oban_5465,ev_2529,trap.num,13,
oban_5475,ev_2539,trap.num,1,
oban_5477,ev_2541,trap.num,6,
oban_5479,ev_2543,trap.num,7,
oban_5482,ev_2546,trap.num,11,
oban_5485,ev_2549,trap.num,13,
oban_5493,ev_2557,trap.num,2,
oban_5501,ev_2565,trap.num,17,
oban_5508,ev_2572,trap.num,2,
oban_5509,ev_2573,trap.num,2,
oban_5510,ev_2574,trap.num,3,
oban_5512,ev_2576,trap.num,4,
oban_5515,ev_2579,trap.num,7,
oban_5518,ev_2582,trap.num,11,
oban_5521,ev_2585,trap.num,13,
oban_5522,ev_2586,trap.num,13,
oban_5524,ev_2588,trap.num,16,
oban_5530,ev_2594,trap.num,1,
oban_5532,ev_2596,trap.num,1,
oban_5533,ev_2597,trap.num,2,
oban_5535,ev_2599,trap.num,2,
oban_5536,ev_2600,trap.num,2,
oban_5543,ev_2607,trap.num,4,
oban_5549,ev_2613,trap.num,6,
oban_5589,ev_2653,trap.num,2,
oban_5590,ev_2654,trap.num,5,
oban_5615,ev_2679,trap.num,20,
oban_5620,ev_2684,trap.num,1,
oban_5625,ev_2689,trap.num,5,
oban_5629,ev_2693,trap.num,11,
oban_5630,ev_2694,trap.num,12,
oban_5636,ev_2700,trap.num,16,
oban_5637,ev_2701,trap.num,17,
oban_5639,ev_2703,trap.num,17,
oban_5645,ev_2709,trap.num,19,
oban_5648,ev_2712,trap.num,20,
oban_5649,ev_2713,trap.num,21,
oban_5652,ev_2716,trap.num,22,
oban_5654,ev_2718,trap.num,23,
oban_5656,ev_2720,trap.num,23,
oban_5657,ev_2721,trap.num,23,
oban_5663,ev_2727,trap.num,2,
oban_5674,ev_2738,trap.num,10,
oban_5679,ev_2743,trap.num,14,
oban_5692,ev_2756,trap.num,1,
oban_5693,ev_2757,trap.num,3,
oban_5694,ev_2758,trap.num,5,
oban_5714,ev_2778,trap.num,16,
oban_5719,ev_2783,trap.num,19,
oban_5727,ev_2791,trap.num,2,
oban_5728,ev_2792,trap.num,3,
oban_5736,ev_2800,trap.num,6,
oban_5741,ev_2805,trap.num,10,
oban_5764,ev_2828,trap.num,20,
oban_5773,ev_2837,trap.num,1,
oban_5774,ev_2838,trap.num,4,
oban_5806,ev_2870,trap.num,1,
oban_5807,ev_2871,trap.num,1,
oban_5808,ev_2872,trap.num,3,
oban_5813,ev_2877,trap.num,10,
oban_5815,ev_2879,trap.num,14,
oban_5842,ev_2906,trap.num,1,
oban_5843,ev_2907,trap.num,1,
oban_5845,ev_2909,trap.num,3,
oban_5846,ev_2910,trap.num,4,
oban_5849,ev_2913,trap.num,7,
oban_5852,ev_2916,trap.num,12,
oban_5860,ev_2924,trap.num,24,
